Primary Question,Alternative Phrasing 1,Alternative Phrasing 2,Required Parameters,SQL Query (Existing or Recovered),Testing Parameter,Bridge Tool Mapping,Suggested Tool Name
What are my active projects?,Show the projects I am currently working on.,List my ongoing projects.,current_user,"SELECT DISTINCT
    p.project_id,
    p.project_unique_id,
    p.project_key,
    p.title,
    p.start_date,
    p.end_date,
    ps.status_name,
    st.stage_name,
    p.priority,
    p.rag
FROM tbl_projects p
JOIN tbl_project_users pu
    ON p.project_id = pu.project_id
JOIN tbl_users u
    ON u.user_id = pu.user_id
LEFT JOIN tbl_project_status ps
    ON ps.status_id = p.project_status_id
LEFT JOIN tbl_project_stages st
    ON st.stage_id = p.project_stage_id
WHERE u.email = :current_user  AND pu.request_status = 'A'
  AND pu.status = 1
  AND p.status = 1
  AND p.archive = 0
ORDER BY p.title ASC",saurav.kaushik@intglobal.com,Tool,get_emp_projects
Which projects am I managing?,Show projects where I am the project manager.,List projects managed by me.,current_user,"SELECT p.project_id, p.project_unique_id, p.project_key, p.title, p.start_date, p.end_date, ps.status_name, st.stage_name, p.priority, p.rag FROM tbl_projects p LEFT JOIN tbl_project_status ps ON ps.status_id = p.project_status_id LEFT JOIN tbl_project_stages st ON st.stage_id = p.project_stage_id WHERE p.pm_user_id = :current_user_id AND p.status = 1 AND p.archive = 0 ORDER BY p.end_date, p.title;",80,Tool,get_emp_managed_projects
Which projects do I own?,Show projects where I am the owner.,List projects owned by me.,current_user,"SELECT p.project_id, p.project_unique_id, p.project_key, p.title, p.start_date, p.end_date, ps.status_name, st.stage_name, p.priority, p.rag FROM tbl_projects p LEFT JOIN tbl_project_status ps ON ps.status_id = p.project_status_id LEFT JOIN tbl_project_stages st ON st.stage_id = p.project_stage_id WHERE p.project_owner_id = :current_user_id AND p.status = 1 AND p.archive = 0 ORDER BY p.end_date, p.title;",80,Tool,get_emp_owned_projects
Show details of project :project_name.,Give me the project information for :project_name.,Open the summary of :project_name.,project_name,,,Needs SQL (Tool),get_project_details
What is the status of project :project_name?,Show the current status of :project_name.,Is :project_name active or completed?,project_name,"SELECT p.project_id, p.project_key, p.title, p.project_status_id, ps.status_name, ps.color_code FROM tbl_projects p LEFT JOIN tbl_project_status ps ON ps.status_id = p.project_status_id WHERE p.title = :project_name AND p.status = 1 AND p.archive = 0 ORDER BY p.project_id;",,Tool,get_project_status
What stage is :project_name in?,Show the current stage of :project_name.,Which delivery stage has :project_name reached?,project_name,"SELECT p.project_id, p.project_key, p.title, p.project_stage_id, st.stage_name, st.color_code FROM tbl_projects p LEFT JOIN tbl_project_stages st ON st.stage_id = p.project_stage_id WHERE p.title = :project_name AND p.status = 1 AND p.archive = 0 ORDER BY p.project_id;",,Tool,get_project_stage
What is the RAG status of :project_name?,Show the health colour of :project_name.,"Is :project_name red, amber, or green?",project_name,"SELECT p.project_id, p.project_key, p.title, p.rag FROM tbl_projects p WHERE p.title = :project_name AND p.status = 1 AND p.archive = 0 ORDER BY p.project_id;",,Tool,get_project_rag
What priority code is stored for :project_name?,Show the stored priority value for :project_name.,What is the current project priority code for :project_name?,project_name or project_unique_id,"SELECT p.project_id, p.project_unique_id, p.project_key, p.title, p.priority FROM tbl_projects p WHERE (p.project_unique_id = :project_identifier OR p.project_key = :project_identifier OR p.title = :project_identifier) AND p.status = 1 AND p.archive = 0 ORDER BY p.project_id;",,Tool,get_project_priority
Which projects start between :start_date and :end_date?,Show projects beginning in the selected period.,List upcoming project starts.,"start_date, end_date","SELECT p.project_id, p.project_key, p.title, p.start_date, p.end_date, ps.status_name, p.rag FROM tbl_projects p LEFT JOIN tbl_project_status ps ON ps.status_id = p.project_status_id WHERE p.start_date >= :start_date AND p.start_date < DATE_ADD(:end_date, INTERVAL 1 DAY) AND p.status = 1 AND p.archive = 0 ORDER BY p.start_date, p.title;",,Tool,get_projects_starting_in_range
Which projects end between :start_date and :end_date?,Show projects scheduled to finish in the selected period.,List upcoming project end dates.,"start_date, end_date","SELECT p.project_id, p.project_key, p.title, p.start_date, p.end_date, ps.status_name, p.rag FROM tbl_projects p LEFT JOIN tbl_project_status ps ON ps.status_id = p.project_status_id WHERE p.end_date >= :start_date AND p.end_date < DATE_ADD(:end_date, INTERVAL 1 DAY) AND p.status = 1 AND p.archive = 0 ORDER BY p.end_date, p.title;",,Tool,get_projects_ending_in_range
Which projects are overdue?,Show active projects past their end date.,List delayed projects.,as_of_date,"SELECT
    p.project_id,
    p.project_unique_id,
    p.project_key,
    p.title AS project_name,
    p.start_date,
    p.end_date,
    ps.status_name,
    p.priority,
    p.rag,
    DATEDIFF(CURDATE(), p.end_date) AS overdue_days,
    COUNT(DISTINCT t.task_id) AS total_tasks,
    SUM(
        CASE
            WHEN t.due_date < CURDATE()
                 AND t.percent_complete < 100
            THEN 1
            ELSE 0
        END
    ) AS overdue_tasks
FROM tbl_projects p
LEFT JOIN tbl_project_status ps
    ON ps.status_id = p.project_status_id
LEFT JOIN tbl_project_tasks t
    ON t.project_id = p.project_id
WHERE
    p.status = 1
    AND p.archive = 0
    AND p.end_date < CURDATE()
GROUP BY
    p.project_id,
    p.project_unique_id,
    p.project_key,
    p.title,
    p.start_date,
    p.end_date,
    ps.status_name,
    p.priority,
    p.rag
ORDER BY
    overdue_days DESC,
    overdue_tasks DESC;",,Tool,get_overdue_projects
Show active projects for department :department_name.,Which active projects belong to :department_name?,Give me the project portfolio for :department_name.,department_name,"-- Resolved 2026-08-27: department membership is via tbl_group_projects + tbl_groups, not tbl_projects.department_id (supersedes the earlier department_id-based reading)
SELECT p.project_id, p.project_unique_id, p.project_key, p.title, p.start_date, p.end_date, p.rag, g.name AS department_name
FROM tbl_group_projects gp
JOIN tbl_groups g ON gp.group_id = g.group_id AND g.status = 1
JOIN tbl_projects p ON p.project_id = gp.project_id
WHERE g.name = :department_name
  AND p.status = 1 AND p.archive = 0
  AND gp.project_id <> 0   -- tbl_group_projects can carry a project_id=0 sentinel row per group
ORDER BY p.end_date, p.title;",,Tool,get_department_projects
Show projects of type :project_type.,List :project_type projects.,Which projects use project type :project_type?,project_type,"SELECT p.project_id, p.project_key, p.title, pt.project_type, ps.status_name, p.start_date, p.end_date FROM tbl_projects p JOIN tbl_project_types pt ON pt.project_type_id = p.project_type_id LEFT JOIN tbl_project_status ps ON ps.status_id = p.project_status_id WHERE pt.project_type = :project_type AND p.status = 1 AND p.archive = 0 ORDER BY p.title;",,Tool,get_projects_by_type
Show projects for client :client_name.,List projects associated with :client_name.,Which projects belong to :client_name?,client_name,,,Needs SQL (Tool),get_client_projects
How many active users are allocated to :project_name?,Show the team size of :project_name.,How many people are on :project_name?,project_name,"SELECT
    p.project_id,
    p.project_unique_id,
    p.project_key,
    p.title AS project_name,
    COUNT(DISTINCT pu.user_id) AS active_users_allocated
FROM tbl_projects p
INNER JOIN tbl_project_users pu
    ON p.project_id = pu.project_id
INNER JOIN tbl_users u
    ON pu.user_id = u.user_id
WHERE
    p.title = :project_name
    AND p.status = 1
    AND p.archive = 0
    AND pu.status = 1
    AND pu.request_status = 'A'
    AND u.status = 1
GROUP BY
    p.project_id,
    p.project_unique_id,
    p.project_key,
    p.title;",,Tool,get_project_active_user_count
Which projects do not have a project manager?,Show projects with no PM assigned.,List unowned PM assignments.,none,"SELECT p.project_id, p.project_key, p.title, p.start_date, p.end_date, ps.status_name FROM tbl_projects p LEFT JOIN tbl_project_status ps ON ps.status_id = p.project_status_id WHERE p.pm_user_id IS NULL AND p.status = 1 AND p.archive = 0 ORDER BY p.title;",,Tool,get_projects_without_pm
Which active projects have no allocated users?,Show projects without team members.,List active projects with an empty team.,none,"SELECT
    p.project_id,
    p.project_key,
    p.title AS project_name,
    p.project_type,
    p.start_date,
    p.end_date,
    p.rag,
    p.priority
FROM tbl_projects p
LEFT JOIN tbl_project_users pu
    ON p.project_id = pu.project_id
    AND pu.status = 1
    AND pu.request_status = 'A'
WHERE
    p.status = 1
    AND p.archive = 0
    AND pu.project_id IS NULL
ORDER BY
    p.title;",,Tool,get_projects_without_team
What project records were updated recently for :project_name?,"Show recent project, task, issue, and risk activity for :project_name.",What activity has occurred on :project_name in the last :days days?,project_identifier; days,,,Needs SQL (Tool),get_project_recent_activity
Give me a summary of active projects.,Show active project counts by status and stage.,Summarize the current project portfolio.,current_user_scope,"SELECT
    ps.status_name,
    st.stage_name,
    COUNT(DISTINCT p.project_id) AS total_active_projects
FROM tbl_projects p
LEFT JOIN tbl_project_status ps
    ON p.project_status_id = ps.status_id
LEFT JOIN tbl_project_stages st
    ON p.project_stage_id = st.stage_id
WHERE
    p.status = 1
    AND p.archive = 0
GROUP BY
    ps.status_name,
    st.stage_name
ORDER BY
    ps.status_name,
    st.stage_name;",,Tool,get_active_project_summary
What is the task completion progress of milestone :milestone_name?,How many milestone tasks are completed?,Show completed versus open tasks for :milestone_name.,"milestone_name, project_name",,,Blocked - Data Not Available,
Which milestone dates differ from their mapped task dates?,Show milestones with task schedules outside milestone dates.,List milestone schedule mismatches.,none,,,Blocked - Data Not Available,
Who owns milestone :milestone_name?,Show the owner of :milestone_name.,Who is responsible for :milestone_name?,milestone_name,,,Blocked - Data Not Available,
What are my open tasks?,Show tasks assigned to me that are not closed.,List my pending work items.,current_user,"SELECT p.title AS project_title, t.task_id, t.reference_no, t.title AS task_title,
       t.due_date, ts.status_name, t.priority, t.rag, t.percent_complete, tu.allot_percentage
FROM tbl_project_task_users tu
JOIN tbl_project_tasks t ON t.task_id = tu.task_id
JOIN tbl_projects p ON p.project_id = t.project_id
LEFT JOIN tbl_project_task_status ts ON ts.task_status_id = t.task_status_id
WHERE tu.user_id = :current_user_id
  AND tu.status = 1
  AND t.status = 1 AND t.archive = 0
  AND p.status = 1 AND p.archive = 0
  AND ts.status_type IN (1,2,4,6)   -- open: New/In Progress/UAT/Reopened -- confirm UAT/Reopened treatment with developer
ORDER BY t.due_date, t.reference_no;",3066,Tool,get_emp_open_tasks
Which of my tasks are due today?,Show my tasks with today’s due date.,What work is due for me today?,"current_user, current_date","SELECT t.task_id, t.reference_no, t.title, p.title AS project_title, t.due_date, ts.status_name, t.priority, t.rag, t.percent_complete FROM tbl_project_task_users tu JOIN tbl_project_tasks t ON t.task_id = tu.task_id JOIN tbl_projects p ON p.project_id = t.project_id LEFT JOIN tbl_project_task_status ts ON ts.task_status_id = t.task_status_id WHERE tu.user_id = :current_user_id AND tu.status = 1 AND t.status = 1 AND t.archive = 0 AND DATE(t.due_date) = CURRENT_DATE ORDER BY t.due_date, t.reference_no;",,Tool,get_emp_tasks_due_today
Which of my tasks are overdue?,Show my delayed tasks.,List my open tasks past their due date.,"current_user, as_of_date","SELECT
    pt.task_id,
    pt.title AS task_name,
    pt.project_id,
    pt.start_date,
    pt.due_date,
    pt.percent_complete,
    DATEDIFF(CURDATE(), pt.due_date) AS overdue_days
FROM tbl_project_tasks pt
INNER JOIN tbl_project_task_users tu
    ON pt.task_id = tu.task_id
WHERE
    tu.user_id = 3066          -- Replace with actual User ID
    AND pt.status = 1
    AND pt.archive = 0
    AND pt.percent_complete < 100
    AND pt.due_date < CURDATE()
ORDER BY
    overdue_days DESC,
    pt.due_date;",,Tool,get_emp_overdue_tasks
Show tasks assigned to :employee_name.,List :employee_name’s tasks.,What work is assigned to :employee_name?,employee_name,"SELECT u.user_id, CONCAT_WS(' ', u.first_name, u.last_name) AS employee_name, p.title AS project_title, t.task_id, t.reference_no, t.title AS task_title, t.due_date, ts.status_name, tu.allot_percentage FROM tbl_users u JOIN tbl_project_task_users tu ON tu.user_id = u.user_id JOIN tbl_project_tasks t ON t.task_id = tu.task_id JOIN tbl_projects p ON p.project_id = t.project_id LEFT JOIN tbl_project_task_status ts ON ts.task_status_id = t.task_status_id WHERE CONCAT_WS(' ', u.first_name, u.last_name) = :employee_name AND tu.status = 1 AND t.status = 1 AND t.archive = 0 ORDER BY p.title, t.due_date, t.reference_no;",,Tool,get_employee_tasks
Show open tasks for :project_name.,List pending tasks under :project_name.,What work remains for :project_name?,project_name,"SELECT
    p.project_id,
    p.project_key,
    p.title AS project_name,
    pt.task_id,
    pt.title AS task_name,
    pts.status_name,
    pt.priority,
    pt.start_date,
    pt.due_date,
    pt.percent_complete
FROM tbl_projects p
INNER JOIN tbl_project_tasks pt
    ON p.project_id = pt.project_id
LEFT JOIN tbl_project_task_status pts
    ON pt.task_status_id = pts.task_status_id
    AND pts.project_id = p.project_id
WHERE
    p.title = 'Project Name'          -- Replace with actual project name
    AND p.status = 1
    AND p.archive = 0
    AND pt.status = 1
    AND pt.archive = 0
    AND pt.percent_complete < 100
ORDER BY
    pt.due_date,
    pt.priority DESC;",,Tool,get_project_open_tasks
Show completed tasks for :project_name.,List closed tasks under :project_name.,What tasks are finished in :project_name?,project_name,"SELECT
    p.project_id,
    p.project_key,
    p.title AS project_name,
    pt.task_id,
    pt.title AS task_name,
    pts.status_name,
    pt.priority,
    pt.start_date,
    pt.due_date,
    pt.percent_complete,
    pt.actual_hours
FROM tbl_projects p
INNER JOIN tbl_project_tasks pt
    ON p.project_id = pt.project_id
LEFT JOIN tbl_project_task_status pts
    ON pt.task_status_id = pts.task_status_id
    AND pts.project_id = p.project_id
WHERE
    p.title = 'Project Name'      -- Replace with actual project name
    AND p.status = 1
    AND p.archive = 0
    AND pt.status = 1
    AND pt.archive = 0
    AND pt.percent_complete = 100
ORDER BY
    pt.due_date DESC,
    pt.title;",,Tool,get_project_completed_tasks
Which tasks are unassigned?,Show tasks with no active assignee.,List unallocated tasks.,project_scope,"SELECT
    pt.task_id,
    pt.title AS task_name,
    p.project_key,
    p.title AS project_name,
    pt.priority,
    pt.start_date,
    pt.due_date
FROM tbl_project_tasks pt
INNER JOIN tbl_projects p
    ON pt.project_id = p.project_id
LEFT JOIN tbl_project_task_users tu
    ON pt.task_id = tu.task_id
    AND tu.status = 1
WHERE
    pt.status = 1
    AND pt.archive = 0
    AND p.status = 1
    AND p.archive = 0
    AND tu.task_id IS NULL
ORDER BY
    p.title,
    pt.title",,Tool,get_unassigned_tasks
Show high-priority open tasks.,List urgent pending tasks.,Which open tasks have high priority?,project_scope,"SELECT
    p.project_id,
    p.project_key,
    p.title AS project_name,
    pt.task_id,
    pt.title AS task_name,
    pts.status_name,
    pt.priority,
    pt.start_date,
    pt.due_date,
    pt.percent_complete,
    DATEDIFF(pt.due_date, CURDATE()) AS days_remaining
FROM tbl_project_tasks pt
INNER JOIN tbl_projects p
    ON pt.project_id = p.project_id
LEFT JOIN tbl_project_task_status pts
    ON pt.task_status_id = pts.task_status_id
    AND pts.project_id = p.project_id
WHERE
    pt.status = 1
    AND pt.archive = 0
    AND p.status = 1
    AND p.archive = 0
    AND pt.priority = 'High'
    AND pt.percent_complete < 100
ORDER BY
    pt.due_date ASC,
    p.title,
    pt.title",,Tool,get_high_priority_open_tasks
Which tasks have a red RAG status?,Show red-health tasks.,List tasks flagged red.,project_scope,"SELECT t.task_id, t.reference_no, t.title, p.title AS project_title, t.rag, t.due_date, ts.status_name FROM tbl_project_tasks t JOIN tbl_projects p ON p.project_id = t.project_id LEFT JOIN tbl_project_task_status ts ON ts.task_status_id = t.task_status_id WHERE LOWER(t.rag) = 'red' AND t.status = 1 AND t.archive = 0 ORDER BY t.due_date, p.title;",,Tool,get_red_rag_tasks
Which tasks are due between :start_date and :end_date?,Show tasks due in the selected period.,List upcoming task deadlines.,"start_date, end_date","SELECT t.task_id, t.reference_no, t.title, p.title AS project_title, t.due_date, ts.status_name, t.priority, t.rag FROM tbl_project_tasks t JOIN tbl_projects p ON p.project_id = t.project_id LEFT JOIN tbl_project_task_status ts ON ts.task_status_id = t.task_status_id WHERE t.due_date >= :start_date AND t.due_date < DATE_ADD(:end_date, INTERVAL 1 DAY) AND t.status = 1 AND t.archive = 0 ORDER BY t.due_date, p.title, t.reference_no;",,Tool,get_tasks_due_in_range
Show details of task :task_reference.,Give me the task summary for :task_reference.,Open task :task_reference.,task_reference,"SELECT t.task_id, t.reference_no, t.title, t.description, p.project_id, p.title AS project_title, t.task_owner, t.start_date, t.due_date, t.task_status_id, ts.status_name, t.priority, t.rag, t.estimate, t.actual_hours, t.percent_complete, t.update_date FROM tbl_project_tasks t JOIN tbl_projects p ON p.project_id = t.project_id LEFT JOIN tbl_project_task_status ts ON ts.task_status_id = t.task_status_id WHERE t.reference_no = :task_reference AND t.status = 1 AND t.archive = 0;",,Tool,get_task_details
Show subtasks of :task_reference.,List child tasks under :task_reference.,What tasks depend hierarchically on :task_reference?,task_reference,"SELECT c.task_id, c.reference_no, c.title, c.start_date, c.due_date, ts.status_name, c.priority, c.rag, c.percent_complete FROM tbl_project_tasks parent JOIN tbl_project_tasks c ON c.parent_id = parent.task_id LEFT JOIN tbl_project_task_status ts ON ts.task_status_id = c.task_status_id WHERE parent.reference_no = :task_reference AND c.status = 1 AND c.archive = 0 ORDER BY c.due_date, c.reference_no;",,Tool,get_task_subtasks
Who is assigned to task :task_reference?,Show all assignees for :task_reference.,Which users are allocated to :task_reference?,task_reference,"SELECT u.user_id, CONCAT_WS(' ', u.first_name, u.last_name) AS employee_name, u.email, tu.allot_percentage, tu.post_date AS assigned_on FROM tbl_project_tasks t JOIN tbl_project_task_users tu ON tu.task_id = t.task_id JOIN tbl_users u ON u.user_id = tu.user_id WHERE t.reference_no = :task_reference AND tu.status = 1 ORDER BY employee_name;",,Tool,get_task_assignees
Show allocation percentages for task :task_reference.,How is task :task_reference allocated?,List assignees and percentages for :task_reference.,task_reference,"SELECT u.user_id, CONCAT_WS(' ', u.first_name, u.last_name) AS employee_name, tu.allot_percentage FROM tbl_project_tasks t JOIN tbl_project_task_users tu ON tu.task_id = t.task_id JOIN tbl_users u ON u.user_id = tu.user_id WHERE t.reference_no = :task_reference AND tu.status = 1 ORDER BY tu.allot_percentage DESC, employee_name;",,Tool,get_task_allocation_percentages
Which open tasks have no due date?,Show pending tasks missing deadlines.,List tasks without a due date.,project_scope,"SELECT
    p.project_id,
    p.project_key,
    p.title AS project_name,
    pt.task_id,
    pt.title AS task_name,
    pts.status_name,
    pt.priority,
    pt.start_date,
    pt.due_date,
    pt.percent_complete
FROM tbl_project_tasks pt
INNER JOIN tbl_projects p
    ON pt.project_id = p.project_id
LEFT JOIN tbl_project_task_status pts
    ON pt.task_status_id = pts.task_status_id
    AND pts.project_id = p.project_id
WHERE
    pt.status = 1
    AND pt.archive = 0
    AND p.status = 1
    AND p.archive = 0
    AND pt.percent_complete < 100
    AND pt.due_date IS NULL
ORDER BY
    p.title,
    pt.priority DESC,
    pt.title;",,Tool,get_tasks_without_due_date
What is the completion percentage of task :task_reference?,Show progress for :task_reference.,How complete is :task_reference?,task_reference,"SELECT t.task_id, t.reference_no, t.title, t.percent_complete, ts.status_name, t.update_date FROM tbl_project_tasks t LEFT JOIN tbl_project_task_status ts ON ts.task_status_id = t.task_status_id WHERE t.reference_no = :task_reference AND t.status = 1 AND t.archive = 0;",,Tool,get_task_completion_percentage
Compare estimate and actual hours for task :task_reference.,Show planned versus actual effort for :task_reference.,Is :task_reference over its estimate?,task_reference,"SELECT t.task_id, t.reference_no, t.title, t.estimate AS estimated_hours, t.actual_hours, (t.actual_hours - t.estimate) AS variance_hours, t.estimate_complete AS remaining_estimate_hours FROM tbl_project_tasks t WHERE t.reference_no = :task_reference AND t.status = 1 AND t.archive = 0;",,Tool,get_task_estimate_vs_actual
Which tasks have exceeded their estimated hours?,Show tasks where actual hours are above estimate.,List effort-overrun tasks.,project_scope,"SELECT
    p.project_id,
    p.project_key,
    p.title AS project_name,
    t.task_id,
    t.reference_no,
    t.title AS task_name,
    t.estimate AS estimated_hours,
    t.actual_hours,
    (t.actual_hours - t.estimate) AS variance_hours,
    ROUND((t.actual_hours / NULLIF(t.estimate, 0)) * 100, 2) AS utilization_percentage
FROM tbl_project_tasks t
INNER JOIN tbl_projects p
    ON t.project_id = p.project_id
WHERE
    t.status = 1
    AND t.archive = 0
    AND p.status = 1
    AND p.archive = 0
    AND t.estimate > 0
    AND t.actual_hours > t.estimate
ORDER BY
    variance_hours DESC,
    p.title,
    t.title;",,Tool,get_tasks_over_estimate
Which tasks were updated in the last :days days?,Show recently changed tasks.,List tasks updated recently.,days,"SELECT t.task_id, t.reference_no, t.title, p.title AS project_title, t.update_date, ts.status_name, t.percent_complete FROM tbl_project_tasks t JOIN tbl_projects p ON p.project_id = t.project_id LEFT JOIN tbl_project_task_status ts ON ts.task_status_id = t.task_status_id WHERE t.update_date >= DATE_SUB(NOW(), INTERVAL :days DAY) AND t.status = 1 AND t.archive = 0 ORDER BY t.update_date DESC;",,Tool,get_recently_updated_tasks
Which open tasks have not been updated in :days days?,Show stale pending tasks.,List inactive open tasks.,days,"SELECT
    p.project_id,
    p.project_key,
    p.title AS project_name,
    t.task_id,
    t.reference_no,
    t.title AS task_name,
    pts.status_name,
    t.priority,
    t.start_date,
    t.due_date,
    t.update_date AS last_updated_date,
    DATEDIFF(CURDATE(), t.update_date) AS days_since_last_update,
    t.percent_complete
FROM tbl_project_tasks t
INNER JOIN tbl_projects p
    ON t.project_id = p.project_id
LEFT JOIN tbl_project_task_status pts
    ON t.task_status_id = pts.task_status_id
    AND pts.project_id = p.project_id
WHERE
    t.status = 1
    AND t.archive = 0
    AND p.status = 1
    AND p.archive = 0
    AND t.percent_complete < 100
    AND DATEDIFF(CURDATE(), t.update_date) > 30      -- Replace 30 with required number of days
ORDER BY
    days_since_last_update DESC,
    p.title,
    t.title;",,Tool,get_stale_open_tasks
Show task counts by status for :project_name.,Summarize tasks by workflow status for :project_name.,How many tasks are in each status for :project_name?,project_name,"SELECT ts.task_status_id, ts.status_name, ts.status_type, COUNT(*) AS task_count FROM tbl_project_tasks t JOIN tbl_projects p ON p.project_id = t.project_id LEFT JOIN tbl_project_task_status ts ON ts.task_status_id = t.task_status_id WHERE p.title = :project_name AND t.status = 1 AND t.archive = 0 GROUP BY ts.task_status_id, ts.status_name, ts.status_type ORDER BY ts.status_order, ts.status_name;",,Tool,get_project_task_status_counts
Show task workload by user for :project_name.,How many tasks does each person have on :project_name?,Summarize assigned tasks by team member.,project_name,"SELECT
    p.project_id,
    p.project_key,
    p.title AS project_name,
    u.user_id,
    CONCAT(u.first_name, ' ', u.last_name) AS team_member,
    COUNT(DISTINCT t.task_id) AS total_tasks,
    SUM(t.estimate) AS total_estimated_hours,
    SUM(t.actual_hours) AS total_actual_hours,
    AVG(t.percent_complete) AS average_completion_percentage
FROM tbl_projects p
INNER JOIN tbl_project_tasks t
    ON p.project_id = t.project_id
INNER JOIN tbl_project_task_users tu
    ON t.task_id = tu.task_id
INNER JOIN tbl_users u
    ON tu.user_id = u.user_id
WHERE
    p.title = 'Project Name'          -- Replace with actual project name
    AND p.status = 1
    AND p.archive = 0
    AND t.status = 1
    AND t.archive = 0
    AND tu.status = 1
GROUP BY
    p.project_id,
    p.project_key,
    p.title,
    u.user_id,
    u.first_name,
    u.last_name
ORDER BY
    total_tasks DESC,
    team_member;",,Tool,get_project_task_workload
How many hours did I log today?,Show my time entries for today.,What is my total logged time today?,"current_user, current_date","SELECT ts.user_id, ts.timesheet_date, SUM(ts.hours * 60 + ts.minutes) / 60.0 AS total_hours FROM tbl_timesheets ts WHERE ts.user_id = :current_user_id AND ts.timesheet_date = CURRENT_DATE GROUP BY ts.user_id, ts.timesheet_date;",,Tool,get_emp_hours_today
How many hours did I log between :start_date and :end_date?,Show my logged time for the selected period.,Total my timesheet hours for the period.,"current_user, start_date, end_date","SELECT ts.user_id, SUM(ts.hours * 60 + ts.minutes) / 60.0 AS total_hours FROM tbl_timesheets ts WHERE ts.user_id = :current_user_id AND ts.timesheet_date BETWEEN :start_date AND :end_date GROUP BY ts.user_id;",,Tool,get_emp_hours_in_range
Show hours logged by :employee_name between :start_date and :end_date.,How much time did :employee_name record?,List :employee_name’s timesheet total.,"employee_name, start_date, end_date","SELECT u.user_id, CONCAT_WS(' ', u.first_name, u.last_name) AS employee_name, SUM(ts.hours * 60 + ts.minutes) / 60.0 AS total_hours FROM tbl_users u JOIN tbl_timesheets ts ON ts.user_id = u.user_id WHERE CONCAT_WS(' ', u.first_name, u.last_name) = :employee_name AND ts.timesheet_date BETWEEN :start_date AND :end_date GROUP BY u.user_id, u.first_name, u.last_name;",,Tool,get_employee_hours_in_range
How many hours were logged on :project_name between :start_date and :end_date?,Show total project time for the period.,What is the booked effort on :project_name?,"project_name, start_date, end_date","SELECT p.project_id, p.title AS project_title, SUM(ts.hours * 60 + ts.minutes) / 60.0 AS total_hours FROM tbl_timesheets ts JOIN tbl_project_tasks t ON t.task_id = ts.task_id JOIN tbl_projects p ON p.project_id = t.project_id WHERE p.title = :project_name AND ts.timesheet_date BETWEEN :start_date AND :end_date GROUP BY p.project_id, p.title;",,Tool,get_project_hours_in_range
Show hours by user for :project_name.,Who logged how much time on :project_name?,Break down project hours by team member.,"project_name, start_date, end_date","SELECT u.user_id, CONCAT_WS(' ', u.first_name, u.last_name) AS employee_name, SUM(ts.hours * 60 + ts.minutes) / 60.0 AS total_hours FROM tbl_timesheets ts JOIN tbl_project_tasks t ON t.task_id = ts.task_id JOIN tbl_projects p ON p.project_id = t.project_id JOIN tbl_users u ON u.user_id = ts.user_id WHERE p.title = :project_name AND ts.timesheet_date BETWEEN :start_date AND :end_date GROUP BY u.user_id, u.first_name, u.last_name ORDER BY total_hours DESC;",,Tool,get_project_hours_by_user
How many hours were logged against task :task_reference?,Show booked time for :task_reference.,What is the total effort recorded on :task_reference?,"task_reference, start_date, end_date","SELECT t.task_id, t.reference_no, t.title, SUM(ts.hours * 60 + ts.minutes) / 60.0 AS total_hours FROM tbl_project_tasks t LEFT JOIN tbl_timesheets ts ON ts.task_id = t.task_id WHERE t.reference_no = :task_reference GROUP BY t.task_id, t.reference_no, t.title;",,Tool,get_task_logged_hours
Show logged hours by project task type.,Break down timesheet hours by task type.,How much time was recorded for each task type?,"start_date, end_date",,,Needs SQL (Tool),get_hours_by_task_type
Who has no timesheet entries for :date?,Show users who did not log time on :date.,List missing time entries for :date.,"date, population_scope","SELECT
    u.user_id,
    u.username,
    CONCAT(u.first_name, ' ', u.last_name) AS user_name,
    u.email,
    u.designation
FROM tbl_users u
LEFT JOIN tbl_timesheets ts
    ON u.user_id = ts.user_id
    AND ts.timesheet_date = '2026-08-10'      -- Replace with required date
WHERE
    u.enabled = 1
    AND u.verified = 1
    AND u.is_block = 0
    AND ts.user_id IS NULL
ORDER BY
    user_name;",,Tool,get_missing_timesheet_users
Who logged more than :hours_threshold hours on :date?,Show high-hour timesheet entries.,List users exceeding the daily-hours threshold.,"date, hours_threshold","SELECT
    u.user_id,
    u.username,
    CONCAT(u.first_name, ' ', u.last_name) AS user_name,
    u.email,
    ts.timesheet_date,
    SUM(ts.hours) AS total_hours,
    SUM(ts.minutes) AS total_minutes,
    ROUND(SUM(ts.hours) + (SUM(ts.minutes) / 60), 2) AS total_logged_hours
FROM tbl_timesheets ts
INNER JOIN tbl_users u
    ON ts.user_id = u.user_id
WHERE
    ts.timesheet_date = '2026-08-10'      -- Replace with required date
    AND u.enabled = 1
    AND u.verified = 1
    AND u.is_block = 0
GROUP BY
    u.user_id,
    u.username,
    u.first_name,
    u.last_name,
    u.email,
    ts.timesheet_date
HAVING
    ROUND(SUM(ts.hours) + (SUM(ts.minutes) / 60), 2) > 8    -- Replace with required threshold
ORDER BY
    total_logged_hours DESC;",,Tool,get_high_hour_timesheet_users
Compare timesheet hours with task actual hours for :project_name.,Show discrepancies between booked time and task actual hours.,Do task actuals match timesheet totals?,project_name,"SELECT
    p.project_id,
    p.project_key,
    p.title AS project_name,
    pt.task_id,
    pt.reference_no,
    pt.title AS task_name,
    pt.actual_hours AS task_actual_hours,
    ROUND(SUM(ts.hours + (ts.minutes / 60)),2) AS timesheet_hours,
    ROUND(SUM(ts.hours + (ts.minutes / 60)) - pt.actual_hours,2) AS variance_hours,
    CASE
        WHEN ROUND(SUM(ts.hours + (ts.minutes / 60)),2) = pt.actual_hours
            THEN 'Matched'
        WHEN ROUND(SUM(ts.hours + (ts.minutes / 60)),2) > pt.actual_hours
            THEN 'Timesheet Greater'
        ELSE 'Task Actual Greater'
    END AS comparison_status
FROM tbl_projects p
INNER JOIN tbl_project_tasks pt
    ON p.project_id = pt.project_id
LEFT JOIN tbl_timesheets ts
    ON pt.task_id = ts.task_id
WHERE
    p.title = 'Project Name'      -- Replace with actual project name
    AND p.status = 1
    AND p.archive = 0
    AND pt.status = 1
    AND pt.archive = 0
GROUP BY
    p.project_id,
    p.project_key,
    p.title,
    pt.task_id,
    pt.reference_no,
    pt.title,
    pt.actual_hours
ORDER BY
    variance_hours DESC;",,Tool,get_project_timesheet_vs_actual
What is the approval status of my timesheet?,Show whether my timesheet is approved.,Are my time entries pending approval?,"current_user, period",,,Blocked - Data Not Available,
Which timesheets were rejected?,Show rejected time entries.,List declined timesheets.,period,,,Blocked - Data Not Available,
What projects am I allocated to?,Show my current project allocations.,List projects where I am a member.,"current_user, as_of_date","SELECT p.project_id, p.project_key, p.title, pu.access_type, pu.role_id, pu.allocation_from, pu.allocation_to, pu.allocation_hrs, pu.resource_type, pu.request_status FROM tbl_project_users pu JOIN tbl_projects p ON p.project_id = pu.project_id WHERE pu.user_id = :current_user_id AND pu.status = 1 AND pu.request_status = 'A' ORDER BY pu.allocation_from DESC, p.title;",,Tool,get_emp_allocations
Show allocations for :employee_name.,Which projects is :employee_name allocated to?,List :employee_name’s project assignments.,"employee_name, as_of_date","SELECT u.user_id, CONCAT_WS(' ', u.first_name, u.last_name) AS employee_name, p.project_id, p.title AS project_title, pu.allocation_from, pu.allocation_to, pu.allocation_hrs, pu.resource_type, pu.access_type, pu.request_status FROM tbl_users u JOIN tbl_project_users pu ON pu.user_id = u.user_id JOIN tbl_projects p ON p.project_id = pu.project_id WHERE CONCAT_WS(' ', u.first_name, u.last_name) = :employee_name AND pu.status = 1 ORDER BY pu.allocation_from DESC, p.title;",,Tool,get_employee_allocations
Who is allocated to :project_name?,Show the team of :project_name.,List project members for :project_name.,project_name,"SELECT u.user_id, CONCAT_WS(' ', u.first_name, u.last_name) AS employee_name, u.email, pu.access_type, pu.role_id, pu.allocation_from, pu.allocation_to, pu.allocation_hrs, pu.resource_type, pu.request_status FROM tbl_projects p JOIN tbl_project_users pu ON pu.project_id = p.project_id JOIN tbl_users u ON u.user_id = pu.user_id WHERE p.title = :project_name AND pu.status = 1 ORDER BY employee_name;",,Tool,get_project_team
Show allocated hours by user for :project_name.,How many hours is each user allocated to :project_name?,List resource allocation hours for :project_name.,project_name,"SELECT u.user_id, CONCAT_WS(' ', u.first_name, u.last_name) AS employee_name, pu.allocation_hrs, pu.allocation_from, pu.allocation_to, pu.resource_type FROM tbl_projects p JOIN tbl_project_users pu ON pu.project_id = p.project_id JOIN tbl_users u ON u.user_id = pu.user_id WHERE p.title = :project_name AND pu.status = 1 AND pu.request_status = 'A' ORDER BY pu.allocation_hrs DESC, employee_name;",,Tool,get_project_allocated_hours
Whose project allocation ends in the next :days days?,Show allocations ending soon.,List users rolling off projects soon.,days,"-- Resolved 2026-08-27: allocation_to is not populated in this PMS instance -- this question cannot be answered from the data as it exists today.
SELECT u.user_id, CONCAT_WS(' ', u.first_name, u.last_name) AS employee_name, p.project_id, p.title AS project_title, pu.allocation_to, pu.allocation_hrs, pu.resource_type
FROM tbl_project_users pu
JOIN tbl_projects p ON p.project_id = pu.project_id
JOIN tbl_users u ON u.user_id = pu.user_id
WHERE pu.status = 1 AND pu.request_status = 'A'
  AND pu.allocation_to >= CURRENT_DATE
  AND pu.allocation_to < DATE_ADD(CURRENT_DATE, INTERVAL :days + 1 DAY)
ORDER BY pu.allocation_to, employee_name;",,Blocked - Data Not Available,
Whose project allocation starts in the next :days days?,Show upcoming allocations.,List users joining projects soon.,days,"-- Resolved 2026-08-27: allocation_from is not populated in this PMS instance -- this question cannot be answered from the data as it exists today.
SELECT u.user_id, CONCAT_WS(' ', u.first_name, u.last_name) AS employee_name, p.project_id, p.title AS project_title, pu.allocation_from, pu.allocation_to, pu.allocation_hrs, pu.resource_type
FROM tbl_project_users pu
JOIN tbl_projects p ON p.project_id = pu.project_id
JOIN tbl_users u ON u.user_id = pu.user_id
WHERE pu.status = 1 AND pu.request_status IN ('A','I')
  AND pu.allocation_from >= CURRENT_DATE
  AND pu.allocation_from < DATE_ADD(CURRENT_DATE, INTERVAL :days + 1 DAY)
ORDER BY pu.allocation_from, employee_name;",,Blocked - Data Not Available,
Show active users in department :department_name.,List department resources.,Who belongs to :department_name?,department_name,,,Needs SQL (Tool),get_department_users
What skills does :employee_name have?,Show :employee_name’s recorded skills.,List skills for :employee_name.,employee_name,"SELECT u.user_id, CONCAT_WS(' ', u.first_name, u.last_name) AS employee_name, s.id AS skill_id, s.name AS skill_name FROM tbl_users u JOIN tbl_user_skills us ON us.user_id = u.user_id JOIN tbl_master_skills s ON s.id = us.skill_id WHERE CONCAT_WS(' ', u.first_name, u.last_name) = :employee_name AND us.status = '1' AND s.status = '1' ORDER BY s.name;",,Tool,get_employee_skills
Who with skill :skill_name is available between :start_date and :end_date?,Find resources with :skill_name and no overlapping allocation.,Show available :skill_name resources.,"skill_name, start_date, end_date","-- Resolved 2026-08-27: allocation_from/allocation_to are not populated -- cannot evaluate a date-range overlap.
-- Redefined as ""currently has no active allocation at all"" (drops :start_date/:end_date from the logic).
SELECT u.user_id, u.username, CONCAT(u.first_name, ' ', u.last_name) AS user_name, us.skill_id
FROM tbl_users u
INNER JOIN tbl_user_skills us ON u.user_id = us.user_id
LEFT JOIN tbl_project_users pu
    ON u.user_id = pu.user_id
    AND pu.status = 1
    AND pu.request_status = 'A'
WHERE u.enabled = 1 AND u.verified = 1 AND u.is_block = 0
  AND us.status = '1' AND us.skill_id = :skill_id
  AND pu.user_id IS NULL
ORDER BY user_name;",,Tool,get_available_users_by_skill
Which users have overlapping project allocations?,Show resource allocation conflicts.,List people assigned to overlapping project periods.,date_range,"SELECT
    pu.user_id,
    CONCAT(u.first_name, ' ', u.last_name) AS user_name,
    COUNT(DISTINCT pu.project_id) AS project_count
FROM tbl_project_users pu
INNER JOIN tbl_users u
    ON pu.user_id = u.user_id
WHERE
    pu.status = 1
    AND pu.request_status = 'A'
GROUP BY
    pu.user_id,
    u.first_name,
    u.last_name
HAVING COUNT(DISTINCT pu.project_id) > 1
ORDER BY
    project_count DESC;",,Tool,get_users_with_overlapping_allocations
Show project roles for :project_name.,List users and role IDs on :project_name.,Who has which role on :project_name?,project_name,"SELECT u.user_id, CONCAT_WS(' ', u.first_name, u.last_name) AS employee_name, pu.role_id, r.role_name, r.role_slug FROM tbl_projects p JOIN tbl_project_users pu ON pu.project_id = p.project_id JOIN tbl_users u ON u.user_id = pu.user_id LEFT JOIN tbl_roles r ON r.role_id = pu.role_id WHERE p.title = :project_name AND pu.status = 1 ORDER BY r.role_name, employee_name;",,Tool,get_project_roles
Show access types for users on :project_name.,Who has what access on :project_name?,List project membership access levels.,project_name,"SELECT pu.access_type, COUNT(*) AS user_count FROM tbl_projects p JOIN tbl_project_users pu ON pu.project_id = p.project_id WHERE p.title = :project_name AND pu.status = 1 GROUP BY pu.access_type ORDER BY pu.access_type;",,Tool,get_project_access_types
Who is currently on the bench?,Show users with no active project allocation.,List unallocated active resources.,"as_of_date, population_scope","SELECT
    u.user_id,
    u.username,
    CONCAT(u.first_name, ' ', u.last_name) AS user_name,
    u.email,
    u.designation
FROM tbl_users u
LEFT JOIN tbl_project_users pu
    ON u.user_id = pu.user_id
    AND pu.status = 1
    AND pu.request_status = 'A'
WHERE
    u.enabled = 1
    AND u.verified = 1
    AND u.is_block = 0
    AND pu.user_id IS NULL
ORDER BY
    user_name;",,Tool,get_bench_users
What is :employee_name’s allocation utilization for :period?,Show allocated hours versus capacity for :employee_name.,How utilized is :employee_name based on allocations?,"employee_name, period","SELECT
    u.user_id,
    CONCAT(u.first_name, ' ', u.last_name) AS employee_name,
    SUM(pu.allocation_hrs) AS total_allocated_hours
FROM tbl_project_users pu
INNER JOIN tbl_users u
    ON pu.user_id = u.user_id
WHERE
    CONCAT(u.first_name, ' ', u.last_name) = 'Zubiya Mustafa'   -- Replace with employee name
    AND pu.status = 1
    AND pu.request_status = 'A'
GROUP BY
    u.user_id,
    employee_name;",,Tool,get_employee_allocation_utilization
What is :employee_name’s timesheet utilization for :period?,Show logged hours versus available hours for :employee_name.,How utilized is :employee_name based on timesheets?,"employee_name, period","SELECT
    u.user_id,
    CONCAT(u.first_name, ' ', u.last_name) AS employee_name,
    SUM(ts.hours) AS total_hours,
    SUM(ts.minutes) AS total_minutes,
    ROUND(SUM(ts.hours) + (SUM(ts.minutes) / 60), 2) AS total_logged_hours
FROM tbl_timesheets ts
INNER JOIN tbl_users u
    ON ts.user_id = u.user_id
WHERE
    CONCAT(u.first_name, ' ', u.last_name) = 'Zubiya Mustafa'   -- Replace with employee name
    AND ts.timesheet_date BETWEEN '2026-08-01' AND '2026-08-31'
GROUP BY
    u.user_id,
    employee_name;",,Tool,get_employee_timesheet_utilization
Show utilization of resources on :project_name.,How utilized is the team on :project_name?,List project utilization by member.,"project_name, period","SELECT
    p.project_id,
    p.title AS project_name,
    u.user_id,
    CONCAT(u.first_name, ' ', u.last_name) AS employee_name,
    SUM(DISTINCT pu.allocation_hrs) AS allocated_hours,
    ROUND(SUM(ts.hours) + (SUM(ts.minutes) / 60), 2) AS logged_hours
FROM tbl_projects p
INNER JOIN tbl_project_users pu
    ON p.project_id = pu.project_id
INNER JOIN tbl_users u
    ON pu.user_id = u.user_id
LEFT JOIN tbl_timesheets ts
    ON pu.user_id = ts.user_id
    AND ts.task_id IN (
        SELECT task_id
        FROM tbl_project_tasks
        WHERE project_id = p.project_id
    )
WHERE
    p.title = 'PMS project move to Emerging Tech'   -- Replace with actual project name
    AND p.status = 1
    AND p.archive = 0
    AND pu.status = 1
    AND pu.request_status = 'A'
GROUP BY
    p.project_id,
    p.title,
    u.user_id,
    employee_name
ORDER BY
    employee_name;",,Tool,get_project_resource_utilization
Who is below :threshold_percent utilization in :period?,Show underutilized resources.,List users below the utilization threshold.,"threshold_percent, period","SELECT
    u.user_id,
    CONCAT(u.first_name,' ',u.last_name) AS user_name,
    ms.name AS skill_name
FROM tbl_users u
INNER JOIN tbl_user_skills us
    ON u.user_id = us.user_id
INNER JOIN tbl_master_skills ms
    ON us.skill_id = ms.id
WHERE
    ms.name = 'Java'
    AND us.status = '1';",,Tool,get_underutilized_users
Who is above :threshold_percent utilization in :period?,Show highly utilized resources.,List users over the utilization threshold.,"threshold_percent, period","SELECT
    u.user_id,
    CONCAT(u.first_name, ' ', u.last_name) AS employee_name,
    SUM(DISTINCT pu.allocation_hrs) AS allocated_hours,
    ROUND(SUM(ts.hours) + (SUM(ts.minutes) / 60), 2) AS logged_hours
FROM tbl_users u
LEFT JOIN tbl_project_users pu
    ON u.user_id = pu.user_id
    AND pu.status = 1
    AND pu.request_status = 'A'
LEFT JOIN tbl_timesheets ts
    ON u.user_id = ts.user_id
    AND ts.timesheet_date BETWEEN '2026-08-01' AND '2026-08-31'   -- Replace with required period
WHERE
    u.enabled = 1
    AND u.verified = 1
    AND u.is_block = 0
GROUP BY
    u.user_id,
    employee_name
ORDER BY
    logged_hours DESC",,Tool,get_overutilized_users
Who has allocations exceeding available capacity?,Show overallocated users.,List resource capacity conflicts.,period,"-- Resolved 2026-08-27: allocation_from/allocation_to not populated -- reports CURRENT allocation, not period-scoped.
SELECT u.user_id, CONCAT(u.first_name, ' ', u.last_name) AS employee_name,
    SUM(pu.allocation_hrs) AS total_allocated_hours,
    COUNT(DISTINCT pu.project_id) AS total_projects
FROM tbl_project_users pu
INNER JOIN tbl_users u ON pu.user_id = u.user_id
WHERE pu.status = 1 AND pu.request_status = 'A'
GROUP BY u.user_id, employee_name
ORDER BY total_allocated_hours DESC;",,Tool,get_overallocated_users
How much idle capacity is available in :period?,Show unused resource capacity.,What capacity remains unallocated?,"period, population_scope","-- Resolved 2026-08-27: allocation_from/allocation_to not populated -- reports CURRENT allocation, not period-scoped. :period effectively unused.
SELECT u.user_id, CONCAT(u.first_name, ' ', u.last_name) AS employee_name,
    COUNT(DISTINCT pu.project_id) AS total_projects,
    COALESCE(SUM(pu.allocation_hrs), 0) AS total_allocated_hours
FROM tbl_users u
LEFT JOIN tbl_project_users pu
    ON u.user_id = pu.user_id
    AND pu.status = 1
    AND pu.request_status = 'A'
WHERE u.enabled = 1 AND u.verified = 1 AND u.is_block = 0
  AND (:population_scope = 'ALL' OR u.company_id = :population_scope)
GROUP BY u.user_id, employee_name
ORDER BY total_allocated_hours ASC;",,Tool,get_idle_capacity
Show utilization by project role for :period.,Compare resource utilization across roles.,What is utilization by role?,period,"-- Resolved 2026-08-27: allocation_from/allocation_to not populated -- reports CURRENT allocation, not period-scoped. :period effectively unused.
SELECT pu.role_id,
    COUNT(DISTINCT pu.user_id) AS total_users,
    COUNT(DISTINCT pu.project_id) AS total_projects,
    SUM(pu.allocation_hrs) AS total_allocated_hours
FROM tbl_project_users pu
WHERE pu.status = 1 AND pu.request_status = 'A'
GROUP BY pu.role_id
ORDER BY total_allocated_hours DESC;",,Tool,get_utilization_by_role
Show utilization for department :department_name in :period.,How utilized is :department_name?,Give department utilization.,"department_name, period","-- Resolved 2026-08-27: (1) department membership via tbl_group_projects + tbl_groups, not tbl_projects.department_id;
-- (2) allocation_from/allocation_to are not populated in this PMS instance -- reports CURRENT allocation, not a date-scoped period. :period is effectively unused.
SELECT g.name AS department_name,
    COUNT(DISTINCT pu.user_id) AS total_users,
    COUNT(DISTINCT gp.project_id) AS total_projects,
    SUM(pu.allocation_hrs) AS total_allocated_hours
FROM tbl_group_projects gp
INNER JOIN tbl_groups g ON gp.group_id = g.group_id AND g.status = 1
INNER JOIN tbl_project_users pu ON pu.project_id = gp.project_id
WHERE pu.status = 1 AND pu.request_status = 'A'
  AND g.name = :department_name
  AND gp.project_id <> 0
GROUP BY g.name
ORDER BY total_allocated_hours DESC;",,Tool,get_department_utilization
What is forecast utilization for :future_period?,Show expected resource utilization next month.,Forecast allocation-based utilization.,future_period,"-- Resolved 2026-08-27: allocation_from is not populated -- forecasting future allocation is not possible from this data.
SELECT u.user_id, CONCAT(u.first_name, ' ', u.last_name) AS employee_name,
    COUNT(DISTINCT pu.project_id) AS total_future_projects,
    SUM(pu.allocation_hrs) AS forecast_allocated_hours
FROM tbl_project_users pu
INNER JOIN tbl_users u ON pu.user_id = u.user_id
WHERE pu.status = 1 AND pu.request_status = 'A'
  AND pu.allocation_from <= '2026-09-30'
  AND pu.allocation_to >= '2026-09-01'
GROUP BY u.user_id, employee_name
ORDER BY forecast_allocated_hours DESC;",,Blocked - Data Not Available,
What is the estimate for :project_name?,Show the project estimate value.,How much effort is estimated for :project_name?,project_name,"SELECT p.project_id, p.project_key, p.title, p.estimate AS estimated_hours, p.is_approved FROM tbl_projects p WHERE p.title = :project_name AND p.status = 1 AND p.archive = 0 ORDER BY p.project_id;",,Tool,get_project_estimate
Show total booked and chargeable hours for :project_name.,What are the booked versus chargeable hours?,Summarize project hour totals.,project_name,"SELECT p.project_id, p.project_key, p.title, p.estimate AS estimated_hours, p.total_hours_booked, p.total_chargable_hours, p.grant_hours, p.combined_hours FROM tbl_projects p WHERE p.title = :project_name AND p.status = 1 AND p.archive = 0 ORDER BY p.project_id;",,Tool,get_project_hours_summary
How many grant hours does :project_name have?,Show available grant hours.,What are the granted hours for :project_name?,project_name,"SELECT
    project_id,
    project_unique_id,
    project_key,
    title AS project_name,
    grant_hours
FROM tbl_projects
WHERE
    status = 1
    AND archive = 0
    AND title = :project_name;",,Tool,get_project_grant_hours
What is the deal value of :project_name?,Show the commercial value of :project_name.,What value is recorded for :project_name?,project_name,,,Needs SQL (Tool),get_project_deal_value
Show infrastructure cost estimates for :project_name.,What monthly infrastructure cost is recorded?,Summarize infrastructure requirement costs.,project_name,"SELECT ir.requirements_id, ir.project_id, ir.tag, ir.provided_by, li.service_category, li.tennancy, li.instance_type, li.region, li.operating_system, li.vcpu, li.memory, li.storage, li.cost, li.monthly_cost, li.version FROM tbl_projects p JOIN project_infrastructure_requirements ir ON ir.project_id = p.project_id JOIN project_requirements_lineitem li ON li.requirements_id = ir.requirements_id WHERE p.title = :project_name ORDER BY ir.requirements_id, li.sl_no;",,Tool,get_project_infrastructure_costs
What is the budget status of :project_name?,How much project budget remains?,Is :project_name within budget?,project_name,"SELECT
    project_id,
    title AS project_name,
    estimate,
    grant_hours,
    total_hours_booked,
    total_chargable_hours
FROM tbl_projects
WHERE
    status = 1
    AND archive = 0
    AND title = :project_name;",,Tool,get_project_budget_status
What is the margin of :project_name?,Show revenue minus project cost.,Is :project_name profitable?,project_name,,,Blocked - Data Not Available,
What are the open risks for :project_name?,Show unresolved risks on :project_name.,List active project risks.,project_name,"SELECT
    p.project_id,
    p.title AS project_name,
    r.risk_id,
    r.reference_no,
    r.title AS risk_title,
    rs.status_name AS risk_status,
    r.rating,
    r.owner_id,
    r.target_closure_date,
    r.review_date
FROM tbl_risk r
INNER JOIN tbl_projects p
    ON r.project_id = p.project_id
LEFT JOIN tbl_risk_status rs
    ON r.status_id = rs.status_id
WHERE
    p.title = 'MIS daily task'   -- Replace with an actual project name
    AND p.status = 1
    AND p.archive = 0
    AND r.status = 1
ORDER BY
    r.rating DESC,
    r.target_closure_date;",,Tool,get_project_open_risks
Which risks are high priority?,Show critical project risks.,List the highest-priority risks.,project_scope,"SELECT r.risk_id, r.reference_no, r.title, p.title AS project_title, rp.priority_name, r.rating, r.rating_color_code, r.target_closure_date, rs.status_name FROM tbl_risk r JOIN tbl_projects p ON p.project_id = r.project_id LEFT JOIN tbl_risk_priority rp ON rp.risk_priority_id = r.risk_priority_id LEFT JOIN tbl_risk_status rs ON rs.status_id = r.status_id WHERE LOWER(rp.priority_name) = 'high' AND r.status = 1 ORDER BY r.rating DESC, r.target_closure_date;",,Tool,get_high_priority_risks
Show details of risk :risk_reference.,Give me the risk record for :risk_reference.,Open risk :risk_reference.,risk_reference,"SELECT r.risk_id, r.reference_no, r.title, r.description, r.cause, r.consequence, r.controls, r.action, p.title AS project_title, pr.probability_name, ri.impact_name, rp.priority_name, r.rating, r.rating_color_code, rs.status_name, r.owner_id, r.target_closure_date, r.revised_target_closure_date, r.date_raised, r.update_date FROM tbl_risk r JOIN tbl_projects p ON p.project_id = r.project_id LEFT JOIN tbl_risk_probability pr ON pr.probability_id = r.probability_id LEFT JOIN tbl_risk_impact ri ON ri.impact_id = r.impact_id LEFT JOIN tbl_risk_priority rp ON rp.risk_priority_id = r.risk_priority_id LEFT JOIN tbl_risk_status rs ON rs.status_id = r.status_id WHERE r.reference_no = :risk_reference AND r.status = 1;",,Tool,get_risk_details
Show risks by probability.,Group active risks by probability rating.,How many risks are in each probability level?,project_scope,"SELECT pr.probability_id, pr.probability_name, pr.probability_value, COUNT(*) AS risk_count FROM tbl_risk r LEFT JOIN tbl_risk_probability pr ON pr.probability_id = r.probability_id WHERE r.status = 1 GROUP BY pr.probability_id, pr.probability_name, pr.probability_value ORDER BY pr.probability_value DESC;",,Tool,get_risks_by_probability
Show risks by impact.,Group active risks by impact rating.,How many risks are in each impact level?,project_scope,"SELECT ri.impact_id, ri.impact_name, ri.impact_value, COUNT(*) AS risk_count FROM tbl_risk r LEFT JOIN tbl_risk_impact ri ON ri.impact_id = r.impact_id WHERE r.status = 1 GROUP BY ri.impact_id, ri.impact_name, ri.impact_value ORDER BY ri.impact_value DESC;",,Tool,get_risks_by_impact
Which risks have no owner?,Show unassigned risks.,List risks without responsibility.,project_scope,"SELECT r.risk_id, r.reference_no, r.title, p.title AS project_title, r.owner_id, r.responsibility, r.target_closure_date FROM tbl_risk r JOIN tbl_projects p ON p.project_id = r.project_id WHERE (r.owner_id = 0 OR r.owner_id IS NULL) AND r.status = 1 ORDER BY r.target_closure_date, r.reference_no;",,Tool,get_risks_without_owner
Which risk actions are due by :date?,Show mitigation work due soon.,List risk actions approaching target closure.,date,,,Blocked - Data Not Available,
Which open risks are past their target closure date?,Show overdue unresolved risks.,List risks missing target closure.,as_of_date,"SELECT
    r.risk_id,
    r.reference_no,
    p.title AS project_name,
    r.title AS risk_title,
    rs.status_name,
    r.rating,
    r.owner_id,
    COALESCE(r.revised_target_closure_date, r.target_closure_date) AS target_closure_date,
    DATEDIFF('2026-08-11',
             COALESCE(r.revised_target_closure_date, r.target_closure_date)) AS overdue_days
FROM tbl_risk r
INNER JOIN tbl_projects p
    ON r.project_id = p.project_id
LEFT JOIN tbl_risk_status rs
    ON r.status_id = rs.status_id
WHERE
    r.status = 1
    AND COALESCE(r.revised_target_closure_date, r.target_closure_date) < '2026-08-11'
ORDER BY
    overdue_days DESC,
    r.rating DESC;",,Tool,get_overdue_open_risks
Show the recorded history of risk :risk_reference.,How has risk :risk_reference changed over time?,"Show status, probability, and impact history for :risk_reference.",risk_reference,"SELECT r.reference_no, rh.post_date, rs.status_name, rp.probability_name, ri.impact_name, u.username AS changed_by FROM tbl_risk r JOIN tbl_risk_history rh ON rh.risk_id = r.risk_id LEFT JOIN tbl_risk_status rs ON rs.status_id = rh.status_id LEFT JOIN tbl_risk_probability rp ON rp.probability_id = rh.probability_id LEFT JOIN tbl_risk_impact ri ON ri.impact_id = rh.impact_id LEFT JOIN tbl_users u ON u.user_id = rh.user_id WHERE r.reference_no = :risk_reference ORDER BY rh.post_date DESC;",,Tool,get_risk_history
Show risk creation and closure trend for the last :months months.,How are open risks trending?,Give monthly risk movement.,months,"SELECT
    DATE_FORMAT(months.month_start, '%Y-%m') AS month,
    COALESCE(created.risks_created, 0) AS risks_created,
    COALESCE(closed.risks_closed, 0) AS risks_closed
FROM
(
    SELECT DATE_FORMAT(date_raised, '%Y-%m-01') AS month_start
    FROM tbl_risk
    WHERE date_raised >= DATE_SUB(CURDATE(), INTERVAL 6 MONTH)

    UNION

    SELECT DATE_FORMAT(date_closed, '%Y-%m-01') AS month_start
    FROM tbl_risk
    WHERE date_closed >= DATE_SUB(CURDATE(), INTERVAL 6 MONTH)
) months

LEFT JOIN
(
    SELECT
        DATE_FORMAT(date_raised, '%Y-%m-01') AS month_start,
        COUNT(*) AS risks_created
    FROM tbl_risk
    WHERE date_raised >= DATE_SUB(CURDATE(), INTERVAL 6 MONTH)
    GROUP BY DATE_FORMAT(date_raised, '%Y-%m-01')
) created
ON months.month_start = created.month_start

LEFT JOIN
(
    SELECT
        DATE_FORMAT(date_closed, '%Y-%m-01') AS month_start,
        COUNT(*) AS risks_closed
    FROM tbl_risk
    WHERE date_closed >= DATE_SUB(CURDATE(), INTERVAL 6 MONTH)
    GROUP BY DATE_FORMAT(date_closed, '%Y-%m-01')
) closed
ON months.month_start = closed.month_start

ORDER BY months.month_start;",,Tool,get_risk_trend
What are the open issues for :project_name?,Show unresolved issues on :project_name.,List active project issues.,project_name,"SELECT
    p.project_id,
    p.title AS project_name,
    i.issue_id,
    i.reference_no,
    i.title AS issue_title,
    s.status_name AS issue_status,
    i.priority,
    i.severity,
    i.user_id,
    i.planned_closure_date,
    i.date_raised,
    i.update_date
FROM tbl_project_issues i
INNER JOIN tbl_projects p
    ON i.project_id = p.project_id
LEFT JOIN tbl_project_issue_status s
    ON i.issue_status_id = s.issue_status_id
WHERE
    p.title = :project_name
    AND p.status = 1
    AND p.archive = 0
    AND i.status = 1
ORDER BY
    i.priority DESC,
    i.severity DESC,
    i.planned_closure_date;",,Tool,get_project_open_issues
Show details of issue :issue_reference.,Give me the issue record for :issue_reference.,Open issue :issue_reference.,issue_reference,"SELECT i.issue_id, i.reference_no, i.title, i.description, p.title AS project_title, i.user_id AS raised_by_user_id, i.date_raised, i.date_closed, i.issue_status_id, s.status_name, i.severity, i.priority, i.impact, i.planned_closure_date, i.overdue_status, i.update_date FROM tbl_project_issues i JOIN tbl_projects p ON p.project_id = i.project_id LEFT JOIN tbl_project_issue_status s ON s.issue_status_id = i.issue_status_id WHERE i.reference_no = :issue_reference AND i.status = 1;",,Tool,get_issue_details
Which issues have high severity?,Show critical defects or issues.,List high-severity open issues.,project_scope,,,Hold - Pending Clarification,get_high_severity_issues
Which open issues are overdue?,Show issues past planned closure date.,List delayed unresolved issues.,as_of_date,"SELECT
    p.project_id,
    p.title AS project_name,
    i.issue_id,
    i.reference_no,
    i.title AS issue_title,
    s.status_name AS issue_status,
    i.priority,
    i.severity,
    i.user_id,
    i.date_raised,
    i.planned_closure_date,
    DATEDIFF('2026-08-11', i.planned_closure_date) AS overdue_days
FROM tbl_project_issues i
INNER JOIN tbl_projects p
    ON i.project_id = p.project_id
LEFT JOIN tbl_project_issue_status s
    ON i.issue_status_id = s.issue_status_id
WHERE
    i.status = 1
    AND i.planned_closure_date IS NOT NULL
    AND i.planned_closure_date < '2026-08-11'
ORDER BY
    overdue_days DESC,
    i.priority DESC,
    i.severity DESC;",,Tool,get_overdue_open_issues
Show issue counts by status for :project_name.,Summarize issues by workflow status.,How many issues are in each status?,project_name,"SELECT s.issue_status_id, s.status_name, s.status_type, COUNT(*) AS issue_count FROM tbl_project_issues i JOIN tbl_projects p ON p.project_id = i.project_id LEFT JOIN tbl_project_issue_status s ON s.issue_status_id = i.issue_status_id WHERE p.title = :project_name AND i.status = 1 GROUP BY s.issue_status_id, s.status_name, s.status_type ORDER BY s.status_order, s.status_name;",,Tool,get_project_issue_status_counts
Show issues assigned to :employee_name.,List :employee_name’s project issues.,What issues is :employee_name responsible for?,employee_name,,,Needs SQL (Tool),get_employee_issues
Generate a live weekly task summary for :project_name.,Summarise task activity for :project_name between :week_start and :week_end.,Show this week’s task KPIs for :project_name.,project_identifier; week_start; week_end,"SELECT
    p.project_id,
    p.title AS project_name,
    task_stats.total_tasks,
    task_stats.open_tasks,          -- status_type IN (1,2,4,6) -- confirm UAT/Reopened treatment with developer
    task_stats.completed_tasks,     -- status_type = 3
    task_stats.high_priority_tasks,
    task_stats.avg_completion,
    task_stats.last_task_update,
    COALESCE(ts_stats.logged_hours, 0) AS logged_hours
FROM tbl_projects p
INNER JOIN (
    SELECT
        t.project_id,
        COUNT(DISTINCT t.task_id) AS total_tasks,
        SUM(CASE WHEN s.status_type IN (1,2,4,6) THEN 1 ELSE 0 END) AS open_tasks,
        SUM(CASE WHEN s.status_type = 3 THEN 1 ELSE 0 END) AS completed_tasks,
        SUM(CASE WHEN t.priority = 'High' THEN 1 ELSE 0 END) AS high_priority_tasks,
        ROUND(AVG(t.percent_complete), 2) AS avg_completion,
        MAX(t.update_date) AS last_task_update
    FROM tbl_project_tasks t
    LEFT JOIN tbl_project_task_status s ON s.task_status_id = t.task_status_id
    WHERE t.update_date BETWEEN :week_start AND :week_end
       OR t.due_date BETWEEN :week_start AND :week_end
    GROUP BY t.project_id
) task_stats ON task_stats.project_id = p.project_id
LEFT JOIN (
    SELECT t.project_id,
           ROUND(SUM(IFNULL(ts.hours,0) + (IFNULL(ts.minutes,0)/60)), 2) AS logged_hours
    FROM tbl_project_tasks t
    INNER JOIN tbl_timesheets ts ON ts.task_id = t.task_id
    WHERE ts.timesheet_date BETWEEN :week_start AND :week_end
    GROUP BY t.project_id
) ts_stats ON ts_stats.project_id = p.project_id
WHERE p.status = 1 AND p.archive = 0 AND p.title = :project_name;",,Tool,get_project_weekly_task_summary
Generate a live weekly issue summary for :project_name.,Summarise issue activity for :project_name between :week_start and :week_end.,Show this week’s issue KPIs for :project_name.,project_identifier; week_start; week_end,"SELECT
    p.project_id,
    p.title AS project_name,
    COUNT(i.issue_id) AS total_issues,
    SUM(CASE WHEN i.date_raised BETWEEN :week_start AND :week_end THEN 1 ELSE 0 END) AS issues_raised,
    SUM(CASE WHEN i.date_closed BETWEEN :week_start AND :week_end THEN 1 ELSE 0 END) AS issues_closed,
    SUM(CASE WHEN s.status_type != 3 THEN 1 ELSE 0 END) AS open_issues,  -- was date_closed IS NULL; date_closed is not a reliable NULL check (zero-date default) -- see 2026-08-26 findings doc
    MAX(i.update_date) AS last_issue_update
FROM tbl_projects p
INNER JOIN tbl_project_issues i ON p.project_id = i.project_id
LEFT JOIN tbl_project_issue_status s ON s.issue_status_id = i.issue_status_id
WHERE
    p.status = 1
    AND p.archive = 0
    AND p.title = :project_name
    AND (
        i.date_raised BETWEEN :week_start AND :week_end
        OR i.update_date BETWEEN :week_start AND :week_end
        OR i.date_closed BETWEEN :week_start AND :week_end
    )
GROUP BY p.project_id, p.title;",,Tool,get_project_weekly_issue_summary
Show the latest executive summary for :project_name.,Give the latest project management summary.,What is the latest executive update for :project_name?,project_name,"SELECT es.executive_id, es.project_id, p.title AS project_title, es.summary, es.stage, es.client_mood, es.live_issues, es.dev_issues, es.resource, es.dev, es.test, es.issues, es.risks, es.pm, es.remaining_tail, es.post_date, es.save_date FROM tbl_project_executive_summary es JOIN tbl_projects p ON p.project_id = es.project_id WHERE p.title = :project_name ORDER BY es.save_date DESC, es.post_date DESC LIMIT 1;",,Tool,get_project_latest_executive_summary
Give me a portfolio health summary.,"Summarize projects, tasks, risks, and issues.",Show the overall PMS health dashboard.,"current_user_scope, as_of_date","SELECT
    (SELECT COUNT(*) FROM tbl_projects WHERE status = 1 AND archive = 0) AS total_projects,
    task_stats.total_tasks,
    task_stats.open_tasks,          -- status_type IN (1,2,4,6): New/In Progress/UAT/Reopened; excludes Closed(3) and Abandoned(5) -- confirm UAT/Reopened treatment with developer
    task_stats.average_task_completion,
    risk_stats.total_risks,
    issue_stats.total_issues,
    issue_stats.open_issues,        -- status_type != 3 (Closed), per C-03
    ts_stats.logged_hours
FROM (
    SELECT
        COUNT(DISTINCT t.task_id) AS total_tasks,
        SUM(CASE WHEN s.status_type IN (1,2,4,6) THEN 1 ELSE 0 END) AS open_tasks,
        ROUND(AVG(t.percent_complete), 2) AS average_task_completion
    FROM tbl_project_tasks t
    INNER JOIN tbl_projects p ON p.project_id = t.project_id AND p.status = 1 AND p.archive = 0
    LEFT JOIN tbl_project_task_status s ON s.task_status_id = t.task_status_id
    WHERE t.status = 1 AND t.archive = 0
) task_stats,
(
    SELECT COUNT(DISTINCT r.risk_id) AS total_risks
    FROM tbl_risk r
    INNER JOIN tbl_projects p ON p.project_id = r.project_id AND p.status = 1 AND p.archive = 0
    WHERE r.status = 1
) risk_stats,
(
    SELECT
        COUNT(DISTINCT i.issue_id) AS total_issues,
        SUM(CASE WHEN s.status_type != 3 THEN 1 ELSE 0 END) AS open_issues
    FROM tbl_project_issues i
    INNER JOIN tbl_projects p ON p.project_id = i.project_id AND p.status = 1 AND p.archive = 0
    LEFT JOIN tbl_project_issue_status s ON s.issue_status_id = i.issue_status_id
    WHERE i.status = 1
) issue_stats,
(
    SELECT ROUND(SUM(IFNULL(ts.hours,0) + (IFNULL(ts.minutes,0)/60)), 2) AS logged_hours
    FROM tbl_timesheets ts
    INNER JOIN tbl_project_tasks t ON t.task_id = ts.task_id
    INNER JOIN tbl_projects p ON p.project_id = t.project_id AND p.status = 1 AND p.archive = 0
) ts_stats;",,Tool,get_portfolio_health_summary
"Which projects require immediate executive attention, ranked from highest to lowest risk?",Show the top :top_n projects needing leadership intervention.,Create an executive exception list for the portfolio.,as_of_date; top_n; scoring_weights,,,NL2SQL Candidate,
"What percentage of the active portfolio is Red, Amber, or Green when weighted by deal value?",Show deal-value-weighted RAG distribution.,How much portfolio value sits in each RAG category?,as_of_date,"SELECT
    p.rag,
    COUNT(*) AS total_projects,
    SUM(p.deal_value) AS total_deal_value,
    ROUND(
        (SUM(p.deal_value) /
            (SELECT SUM(deal_value)
             FROM tbl_projects
             WHERE status = 1
               AND archive = 0
               AND start_date <= '2026-08-11')
        ) * 100,
        2
    ) AS portfolio_percentage
FROM tbl_projects p
WHERE
    p.status = 1
    AND p.archive = 0
    AND p.start_date <= '2026-08-11'
GROUP BY
    p.rag
ORDER BY
    total_deal_value DESC;",,Tool,get_portfolio_rag_distribution
How much deal value is currently at risk in Red and Amber projects?,Show total commercial exposure in unhealthy projects.,What is the value of the portfolio requiring recovery action?,as_of_date; risk_rag_values,"SELECT
    CONCAT(u.first_name, ' ', u.last_name) AS project_manager,
    c.client_name,
    pt.project_type,
    ps.stage_name,
    COUNT(p.project_id) AS total_projects,
    SUM(p.deal_value) AS deal_value_at_risk
FROM tbl_projects p

LEFT JOIN tbl_users u
    ON p.pm_user_id = u.user_id

LEFT JOIN tbl_clients c
    ON p.client_id = c.client_id

LEFT JOIN tbl_project_types pt
    ON p.project_type_id = pt.project_type_id

LEFT JOIN tbl_project_stages ps
    ON p.project_stage_id = ps.stage_id

WHERE
    p.status = 1
    AND p.archive = 0
    AND p.start_date <= '2026-08-11'
    AND p.rag IN ('Red','Amber')

GROUP BY
    project_manager,
    c.client_name,
    pt.project_type,
    ps.stage_name

ORDER BY
    deal_value_at_risk DESC;",,Hold - Pending Clarification,get_deal_value_at_risk
Which projects are most likely to miss their committed end dates?,Forecast projects at risk of schedule slippage.,Which projects need intervention to protect their delivery date?,as_of_date; forecast_horizon; scoring_weights,,,NL2SQL Candidate,
Which project managers carry the highest concentration of Red or Amber projects?,Rank PMs by unhealthy project count and value.,Which PM portfolios need additional leadership support?,as_of_date; rag_values,"SELECT
    u.user_id,
    CONCAT(u.first_name,' ',u.last_name) AS project_manager,
    COUNT(DISTINCT p.project_id) AS unhealthy_projects,
    SUM(p.deal_value) AS total_deal_value,
    COALESCE(t.overdue_tasks,0) AS overdue_tasks,
    COALESCE(i.open_issues,0) AS open_issues,
    COALESCE(r.open_risks,0) AS open_risks
FROM tbl_projects p
INNER JOIN tbl_users u
    ON p.pm_user_id = u.user_id

LEFT JOIN
(
    SELECT
        p2.pm_user_id,
        COUNT(*) AS overdue_tasks
    FROM tbl_project_tasks t
    INNER JOIN tbl_projects p2
        ON t.project_id = p2.project_id
    WHERE
        t.status = 1
        AND t.due_date < '2026-08-11'
    GROUP BY p2.pm_user_id
) t
ON p.pm_user_id = t.pm_user_id

LEFT JOIN
(
    SELECT
        p2.pm_user_id,
        COUNT(*) AS open_issues
    FROM tbl_project_issues i
    INNER JOIN tbl_projects p2
        ON i.project_id = p2.project_id
    WHERE i.status = 1
    GROUP BY p2.pm_user_id
) i
ON p.pm_user_id = i.pm_user_id

LEFT JOIN
(
    SELECT
        p2.pm_user_id,
        COUNT(*) AS open_risks
    FROM tbl_risk r
    INNER JOIN tbl_projects p2
        ON r.project_id = p2.project_id
    WHERE r.status = 1
    GROUP BY p2.pm_user_id
) r
ON p.pm_user_id = r.pm_user_id

WHERE
    p.status = 1
    AND p.archive = 0
    AND p.start_date <= '2026-08-11'
    AND p.rag IN ('Red','Amber')

GROUP BY
    u.user_id,
    project_manager

ORDER BY
    unhealthy_projects DESC,
    total_deal_value DESC;",,Tool,get_pm_unhealthy_project_concentration
"How are project managers performing across delivery, effort, risk, and issue KPIs?",Show a comparative PM delivery scorecard.,Which PMs consistently deliver healthy projects?,period; scoring_weights; minimum_project_count,,,NL2SQL Candidate,
Which projects are consuming effort faster than they are completing work?,Compare effort burn against delivery completion across the portfolio.,Where is effort consumption outpacing progress?,as_of_date; burn_threshold; completion_method,"SELECT
    p.project_id,
    p.title AS project_name,
    p.estimate AS estimated_hours,
    p.total_hours_booked,

    ROUND(
        (p.total_hours_booked / NULLIF(p.estimate,0)) * 100,
        2
    ) AS burn_percentage,

    ROUND(AVG(t.percent_complete),2) AS completion_percentage,

    ROUND(SUM(IFNULL(ts.hours,0) + (IFNULL(ts.minutes,0)/60)),2) AS total_timesheet_hours,

    CASE
        WHEN ROUND((p.total_hours_booked / NULLIF(p.estimate,0))*100,2) >= 80
             AND ROUND(AVG(t.percent_complete),2) < 50
        THEN 'High Burn / Low Completion'
        ELSE 'Normal'
    END AS burn_status

FROM tbl_projects p

LEFT JOIN tbl_project_tasks t
       ON p.project_id = t.project_id
      AND t.status = 1
      AND t.archive = 0

LEFT JOIN tbl_timesheets ts
       ON t.task_id = ts.task_id

WHERE p.status = 1
  AND p.archive = 0
  AND p.start_date <= '2026-08-11'

GROUP BY
    p.project_id,
    p.title,
    p.estimate,
    p.total_hours_booked

ORDER BY burn_percentage DESC;",,Tool,get_high_burn_low_completion_projects
Which projects have consumed more than :burn_percent of estimated effort but completed less than :completion_percent of work?,"Find high-burn, low-progress projects.",Which projects show the strongest effort-to-progress mismatch?,burn_percent; completion_percent; as_of_date,"SELECT
    p.project_id,
    p.title AS project_name,
    p.estimate AS estimated_hours,
    p.total_hours_booked,

    ROUND((p.total_hours_booked / NULLIF(p.estimate, 0)) * 100, 2) AS burn_percentage,

    ROUND(AVG(t.percent_complete), 2) AS completion_percentage,

    ROUND(SUM(IFNULL(ts.hours,0) + IFNULL(ts.minutes,0)/60),2) AS total_logged_hours

FROM tbl_projects p

LEFT JOIN tbl_project_tasks t
    ON p.project_id = t.project_id
    AND t.status = 1
    AND t.archive = 0

LEFT JOIN tbl_timesheets ts
    ON t.task_id = ts.task_id

WHERE
    p.status = 1
    AND p.archive = 0
    AND p.start_date <= '2026-08-11'

GROUP BY
    p.project_id,
    p.title,
    p.estimate,
    p.total_hours_booked

HAVING
    ROUND((p.total_hours_booked / NULLIF(p.estimate, 0)) * 100, 2) >= 80
    AND ROUND(AVG(t.percent_complete), 2) <= 50

ORDER BY
    burn_percentage DESC,
    completion_percentage ASC;",,Tool,get_projects_over_burn_threshold
Which clients have the greatest delivery exposure across active projects?,"Rank clients by project value, unhealthy RAG, overdue work, risks, and issues.",Where is client relationship risk concentrated?,as_of_date; top_n,,,NL2SQL Candidate,
"Which project types, business models, sources, or categories have the highest delay and overrun rates?",Compare delivery performance across portfolio segments.,Which types of work are structurally underperforming?,period; segment_dimension; minimum_project_count,"SELECT
    p.project_type,

    COUNT(DISTINCT p.project_id) AS total_projects,

    SUM(
        CASE
            WHEN p.end_date < CURDATE() THEN 1
            ELSE 0
        END
    ) AS overdue_projects,

    ROUND(
        AVG(
            CASE
                WHEN p.estimate > 0
                THEN ((p.total_hours_booked - p.estimate) / p.estimate) * 100
            END
        ),
        2
    ) AS avg_effort_variance,

    COUNT(DISTINCT i.issue_id) AS issue_count,

    COUNT(DISTINCT r.risk_id) AS risk_count

FROM tbl_projects p

LEFT JOIN tbl_project_issues i
    ON p.project_id = i.project_id
    AND i.status = 1

LEFT JOIN tbl_risk r
    ON p.project_id = r.project_id
    AND r.status = 1

WHERE
    p.status = 1
    AND p.archive = 0

GROUP BY
    p.project_type

HAVING
    COUNT(DISTINCT p.project_id) >= 2

ORDER BY
    overdue_projects DESC,
    avg_effort_variance DESC;",,Tool,get_delay_rates_by_segment
Which high-value projects have unresolved governance or audit gaps?,Show projects with pending/review audit status and high deal value.,Where are governance gaps creating material exposure?,deal_value_threshold; as_of_date,"SELECT
    project_id,
    title AS project_name,
    deal_value,
    rag,
    audit_status,
    project_status_id,
    project_stage_id,
    discovery_phase,
    project_initiation,
    project_execution,
    project_closure

FROM tbl_projects

WHERE
    status = 1
    AND archive = 0
    AND deal_value >= :10000
    AND (
            audit_status <> 'confirm'
         OR audit_status IS NULL
         OR discovery_phase IS NULL
         OR discovery_phase = ''
         OR project_initiation IS NULL
         OR project_initiation = ''
         OR project_execution IS NULL
         OR project_execution = ''
         OR project_closure IS NULL
         OR project_closure = ''
        )

ORDER BY
    deal_value DESC,
    rag DESC;",,Tool,get_governance_gap_projects
Which active projects have stale or missing executive summaries?,Show projects without a recent management update.,Which projects have not provided an executive summary within :days days?,days; as_of_date,"SELECT
    p.project_id,
    p.title,
    p.deal_value,
    p.rag,

    MAX(es.post_date) AS latest_summary,

    DATEDIFF(
        :as_of_date,
        MAX(es.post_date)
    ) AS days_since_update

FROM tbl_projects p

LEFT JOIN tbl_project_executive_summary es
ON p.project_id=es.project_id

WHERE
    p.status=1
    AND p.archive=0

GROUP BY
    p.project_id,
    p.title,
    p.deal_value,
    p.rag

HAVING
    MAX(es.post_date) IS NULL
    OR DATEDIFF(
            :as_of_date,
            MAX(es.post_date)
        )>:days

ORDER BY
    days_since_update DESC,
    p.deal_value DESC;",,Tool,get_stale_executive_summary_projects
Where does reported client mood conflict with objective project health indicators?,Find projects showing positive client mood but deteriorating delivery KPIs.,Which projects have a narrative-versus-data mismatch?,period; mismatch_rules,,,NL2SQL Candidate,
"What is the quarterly trend of projects started, due, completed, and overdue?",Show portfolio inflow and delivery outcomes by quarter.,Is the organisation taking on work faster than it completes it?,start_date; end_date; completion_status_types,"SELECT

YEAR(start_date) AS project_year,

QUARTER(start_date) AS project_quarter,

COUNT(project_id) AS projects_started,

SUM(
CASE
WHEN end_date BETWEEN :start_date AND :end_date
THEN 1
ELSE 0
END
) AS projects_due,

SUM(
CASE
WHEN project_status_id IN (:completion_status_types)
THEN 1
ELSE 0
END
) AS completed_projects,

SUM(
CASE
WHEN end_date<:end_date
AND project_status_id NOT IN (:completion_status_types)
THEN 1
ELSE 0
END
) AS overdue_projects

FROM tbl_projects

WHERE
status=1
AND archive=0
AND start_date BETWEEN :start_date AND :end_date

GROUP BY
YEAR(start_date),
QUARTER(start_date)

ORDER BY
project_year,
project_quarter;",,Tool,get_quarterly_project_trend
Which projects have remained in the same delivery stage for too long?,Show stage aging across active projects.,Which projects appear stuck in their current stage?,as_of_date; stage_age_thresholds,"SELECT
    p.project_id,
    p.title AS project_name,
    ps.stage_name,
    p.update_date AS last_stage_update,

    DATEDIFF(:as_of_date, p.update_date) AS stage_age_days,

    p.rag,
    p.deal_value

FROM tbl_projects p

LEFT JOIN tbl_project_stages ps
ON p.project_stage_id = ps.stage_id

WHERE
    p.status = 1
    AND p.archive = 0
    AND DATEDIFF(:as_of_date, p.update_date) >= :stage_age_thresholds

ORDER BY
    stage_age_days DESC,
    p.deal_value DESC;",,Tool,get_stage_aging_projects
"Which active projects show no recent task, issue, risk, timesheet, or summary activity?",Find active projects that appear dormant.,Which projects have had no operational activity in the last :days days?,days; as_of_date,"SELECT
    p.project_id,
    p.title,

    GREATEST(

        IFNULL(MAX(pt.update_date),'1900-01-01'),

        IFNULL(MAX(pi.update_date),'1900-01-01'),

        IFNULL(MAX(r.update_date),'1900-01-01'),

        IFNULL(MAX(ts.post_date),'1900-01-01'),

        IFNULL(MAX(es.post_date),'1900-01-01'),

        p.update_date

    ) AS latest_activity

FROM tbl_projects p

LEFT JOIN tbl_project_tasks pt
ON p.project_id=pt.project_id

LEFT JOIN tbl_project_issues pi
ON p.project_id=pi.project_id

LEFT JOIN tbl_risk r
ON p.project_id=r.project_id

LEFT JOIN tbl_project_task_users ptu
ON pt.task_id=ptu.task_id

LEFT JOIN tbl_timesheets ts
ON pt.task_id=ts.task_id

LEFT JOIN tbl_project_executive_summary es
ON p.project_id=es.project_id

WHERE
p.status=1
AND p.archive=0

GROUP BY
p.project_id,
p.title,
p.update_date

HAVING

DATEDIFF(
:as_of_date,
latest_activity
)>=:days

ORDER BY
latest_activity;",,Tool,get_dormant_projects
Which projects have open tasks due after the project end date?,Show project schedules that are internally inconsistent.,Which committed project dates are earlier than their remaining task deadlines?,as_of_date,"SELECT

p.project_id,

p.title,

p.end_date,

COUNT(pt.task_id) AS open_tasks,

MAX(pt.due_date) AS latest_due_date,

SUM(

CASE

WHEN pt.priority='High'

THEN 1

ELSE 0

END

) AS high_priority_tasks

FROM tbl_projects p

INNER JOIN tbl_project_tasks pt

ON p.project_id=pt.project_id

WHERE

p.status=1

AND p.archive=0

AND pt.status=1

AND pt.archive=0

AND pt.due_date>p.end_date

GROUP BY

p.project_id,

p.title,

p.end_date

ORDER BY

latest_due_date DESC;",,Tool,get_projects_with_late_tasks
Which incomplete tasks are blocking the largest number of dependent tasks?,Rank overdue bottleneck tasks by downstream dependency count.,What tasks create the greatest delivery bottleneck?,project_identifier; as_of_date; top_n,,,Needs SQL (Tool),get_blocking_tasks
Which projects contain the highest concentration of open High-priority or Red-RAG tasks?,Rank projects by critical task backlog.,Where is urgent delivery work concentrated?,as_of_date; top_n,"SELECT

p.project_id,

p.title,

COUNT(pt.task_id) AS total_open_tasks,

SUM(

CASE

WHEN pt.priority='High'

OR pt.rag='Red'

THEN 1

ELSE 0

END

) AS critical_tasks,

ROUND(

SUM(

CASE

WHEN pt.priority='High'

OR pt.rag='Red'

THEN 1

ELSE 0

END

)

/

NULLIF(COUNT(pt.task_id),0)

*100,

2

) AS critical_backlog_ratio,

MAX(

DATEDIFF(:as_of_date,pt.due_date)

) AS max_overdue_days

FROM tbl_projects p

INNER JOIN tbl_project_tasks pt

ON p.project_id=pt.project_id

WHERE

p.status=1

AND p.archive=0

AND pt.status=1

AND pt.archive=0

GROUP BY

p.project_id,

p.title

ORDER BY

critical_backlog_ratio DESC,

critical_tasks DESC

LIMIT :top_n;",,Tool,get_critical_task_backlog_projects
Which tasks are due within :days days but remain below :completion_percent complete?,Show near-term tasks at risk of missing due dates.,What upcoming work needs immediate action?,days; completion_percent; as_of_date; optional_project,"SELECT
    p.project_id,
    p.title AS project_name,
    t.task_id,
    t.reference_no,
    t.title AS task_name,
    t.priority,
    t.rag,
    t.estimate,
    t.estimate_complete,
    t.percent_complete,
    t.due_date,
    DATEDIFF(t.due_date, :as_of_date) AS days_remaining
FROM tbl_project_tasks t
INNER JOIN tbl_projects p ON t.project_id = p.project_id
WHERE
    t.status = 1
    AND t.archive = 0
    AND p.status = 1
    AND p.archive = 0
    AND t.percent_complete < :completion_percent
    AND t.due_date BETWEEN :as_of_date AND DATE_ADD(:as_of_date, INTERVAL :days DAY)
    AND p.title = :project_name
ORDER BY
    CASE t.priority                 -- was ORDER BY t.priority DESC: sorted by ENUM declaration order, not severity
        WHEN 'High' THEN 1
        WHEN 'Medium' THEN 2
        WHEN 'Low' THEN 3
        WHEN 'Default' THEN 4
        WHEN 'In Staging' THEN 5
        ELSE 6
    END,
    t.rag DESC,
    t.percent_complete ASC,
    t.estimate_complete DESC,
    t.due_date;",,Tool,get_at_risk_tasks
Which projects and tasks have the largest estimate-to-actual effort variance?,Rank task overruns across the portfolio.,Where are estimates least accurate?,period; top_n; actual_effort_source,"SELECT
    p.project_id,
    p.title AS project_name,
    t.task_id,
    t.reference_no,
    t.title AS task_name,

    CONCAT(u.first_name,' ',u.last_name) AS project_manager,

    c.client_name,

    t.estimate AS estimated_hours,

    ROUND(SUM(IFNULL(ts.hours,0)+(IFNULL(ts.minutes,0)/60)),2) AS actual_hours,

    ROUND(
        SUM(IFNULL(ts.hours,0)+(IFNULL(ts.minutes,0)/60))
        - t.estimate,
        2
    ) AS variance_hours,

    ROUND(
        (
            (
                SUM(IFNULL(ts.hours,0)+(IFNULL(ts.minutes,0)/60))
                - t.estimate
            )
            /
            NULLIF(t.estimate,0)
        )*100,
        2
    ) AS variance_percent

FROM tbl_project_tasks t

INNER JOIN tbl_projects p
ON t.project_id=p.project_id

LEFT JOIN tbl_users u
ON p.pm_user_id=u.user_id

LEFT JOIN tbl_clients c
ON p.client_id=c.client_id

LEFT JOIN tbl_timesheets ts
ON t.task_id=ts.task_id

WHERE

t.status=1
AND t.archive=0

AND p.status=1
AND p.archive=0

AND ts.timesheet_date BETWEEN '2026-08-01'
AND '2026-08-31'

GROUP BY

p.project_id,
p.title,
t.task_id,
t.reference_no,
t.title,
u.first_name,
u.last_name,
c.client_name,
t.estimate

ORDER BY
variance_hours DESC

LIMIT 20;",,Hold - Pending Clarification,get_effort_variance_ranking
"Which tasks show high completion percentages but little or no recent time logged, or heavy time logged with low completion?",Find task progress and effort inconsistencies.,Where does reported completion conflict with timesheet evidence?,period; completion_thresholds; hours_thresholds,"SELECT
    p.project_id,
    p.title AS project_name,
    t.task_id,
    t.reference_no,
    t.title AS task_name,
    t.priority,
    t.rag,
    t.estimate,
    t.percent_complete,

    ROUND(
        SUM(IFNULL(ts.hours,0) + (IFNULL(ts.minutes,0)/60)),
        2
    ) AS logged_hours,

    CASE

        WHEN
            t.percent_complete >= 80
            AND
            SUM(IFNULL(ts.hours,0) + (IFNULL(ts.minutes,0)/60)) < 10

        THEN 'High Completion / Low Time'

        WHEN
            t.percent_complete < 80
            AND
            SUM(IFNULL(ts.hours,0) + (IFNULL(ts.minutes,0)/60)) >= 10

        THEN 'Low Completion / High Time'

        ELSE 'Consistent'

    END AS mismatch_type

FROM tbl_project_tasks t

INNER JOIN tbl_projects p
ON t.project_id = p.project_id

LEFT JOIN tbl_timesheets ts
ON t.task_id = ts.task_id
AND ts.timesheet_date BETWEEN '2026-08-01'
AND '2026-08-31'

WHERE

t.status = 1
AND t.archive = 0

AND p.status = 1
AND p.archive = 0

GROUP BY

p.project_id,
p.title,
t.task_id,
t.reference_no,
t.title,
t.priority,
t.rag,
t.estimate,
t.percent_complete

HAVING mismatch_type <> 'Consistent'

ORDER BY

logged_hours DESC,
t.percent_complete DESC;",,Tool,get_completion_effort_mismatch_tasks
Which projects have a Green project RAG but a significant Red-task backlog?,Find mismatches between project health and task-level health.,Where may project RAG be understating delivery risk?,red_task_ratio_threshold; as_of_date,,,Needs SQL (Tool),get_green_rag_red_task_backlog_projects
Which projects have the highest percentage of open tasks without active assignees?,Rank projects by unassigned work.,Where is delivery work not owned?,as_of_date; minimum_open_tasks,"SELECT
    p.project_id,
    p.title AS project_name,

    CONCAT(u.first_name,' ',u.last_name) AS project_manager,

    COUNT(DISTINCT t.task_id) AS total_open_tasks,

    SUM(
        CASE
            WHEN ptu.user_id IS NULL THEN 1
            ELSE 0
        END
    ) AS unassigned_tasks,

    ROUND(
        (
            SUM(
                CASE
                    WHEN ptu.user_id IS NULL THEN 1
                    ELSE 0
                END
            )
            /
            NULLIF(COUNT(DISTINCT t.task_id),0)
        ) * 100,
        2
    ) AS unassigned_task_ratio

FROM tbl_projects p

INNER JOIN tbl_project_tasks t
    ON p.project_id = t.project_id
    AND t.status = 1
    AND t.archive = 0

LEFT JOIN tbl_project_task_users ptu
    ON t.task_id = ptu.task_id
    AND ptu.status = 1

LEFT JOIN tbl_users u
    ON p.pm_user_id = u.user_id

WHERE
    p.status = 1
    AND p.archive = 0

GROUP BY
    p.project_id,
    p.title,
    project_manager

HAVING
    COUNT(DISTINCT t.task_id) >= 5

ORDER BY
    unassigned_task_ratio DESC,
    unassigned_tasks DESC;",,Tool,get_unassigned_task_ratio_projects
Which active projects have the lowest acceptance-criteria coverage on open tasks?,Show projects with incomplete task acceptance criteria.,Where is scope validation weak?,as_of_date; minimum_task_count,"SELECT
    p.project_id,
    p.title AS project_name,
    p.deal_value,
    p.rag,

    COUNT(t.task_id) AS total_open_tasks,

    SUM(
        CASE
            WHEN t.acceptance_criteria IS NOT NULL
                 AND TRIM(t.acceptance_criteria) <> ''
            THEN 1
            ELSE 0
        END
    ) AS tasks_with_acceptance_criteria,

    SUM(
        CASE
            WHEN t.acceptance_criteria IS NULL
                 OR TRIM(t.acceptance_criteria) = ''
            THEN 1
            ELSE 0
        END
    ) AS tasks_missing_acceptance_criteria,

    ROUND(
        (
            SUM(
                CASE
                    WHEN t.acceptance_criteria IS NOT NULL
                         AND TRIM(t.acceptance_criteria) <> ''
                    THEN 1
                    ELSE 0
                END
            )
            /
            NULLIF(COUNT(t.task_id),0)
        ) * 100,
        2
    ) AS acceptance_criteria_coverage

FROM tbl_projects p

INNER JOIN tbl_project_tasks t
ON p.project_id = t.project_id

WHERE

p.status = 1
AND p.archive = 0

AND t.status = 1
AND t.archive = 0

GROUP BY

p.project_id,
p.title,
p.deal_value,
p.rag

HAVING

COUNT(t.task_id) >= 10

ORDER BY

acceptance_criteria_coverage ASC,
p.deal_value DESC,
p.rag DESC;",,Tool,get_low_acceptance_criteria_coverage_projects
Is the issue backlog increasing or decreasing by project over the last :months months?,Show issue creation versus closure trend.,Which projects are accumulating issues faster than they close them?,months; time_bucket,"SELECT
    p.project_id,
    p.title AS project_name,
    DATE_FORMAT(i.date_raised, '%Y-%m') AS period,
    COUNT(i.issue_id) AS issues_created,
    SUM(CASE WHEN s.status_type = 3 THEN 1 ELSE 0 END) AS issues_closed,      -- was date_closed IS NOT NULL, always-true due to zero-date default
    COUNT(i.issue_id) - SUM(CASE WHEN s.status_type = 3 THEN 1 ELSE 0 END) AS net_backlog_change,
    ROUND(
        (SUM(CASE WHEN s.status_type = 3 THEN 1 ELSE 0 END) / NULLIF(COUNT(i.issue_id), 0)) * 100,
        2
    ) AS closure_ratio
FROM tbl_project_issues i
INNER JOIN tbl_projects p ON i.project_id = p.project_id
LEFT JOIN tbl_project_issue_status s ON s.issue_status_id = i.issue_status_id
WHERE
    p.status = 1
    AND p.archive = 0
    AND i.date_raised >= DATE_SUB(:as_of_date, INTERVAL 6 MONTH)
GROUP BY p.project_id, p.title, DATE_FORMAT(i.date_raised, '%Y-%m')
ORDER BY period, project_name;",,Tool,get_issue_backlog_trend
Which projects have the oldest unresolved issues and the slowest closure performance?,Rank projects by issue aging and time to close.,Where is issue resolution performance weakest?,as_of_date; period; minimum_issue_count,"SELECT
    p.project_id,
    p.title AS project_name,
    COUNT(i.issue_id) AS total_issues,
    SUM(CASE WHEN s.status_type != 3 THEN 1 ELSE 0 END) AS open_issues,
    ROUND(AVG(CASE WHEN s.status_type != 3 THEN DATEDIFF(:as_of_date, i.date_raised) END), 2) AS avg_open_issue_age,
    ROUND(AVG(CASE WHEN s.status_type = 3 THEN DATEDIFF(i.date_closed, i.date_raised) END), 2) AS avg_closure_days,
    ROUND(
        (SUM(CASE WHEN s.status_type = 3 THEN 1 ELSE 0 END) / NULLIF(COUNT(i.issue_id), 0)) * 100,
        2
    ) AS closure_rate
FROM tbl_project_issues i
INNER JOIN tbl_projects p ON i.project_id = p.project_id
LEFT JOIN tbl_project_issue_status s ON s.issue_status_id = i.issue_status_id
WHERE
    p.status = 1
    AND p.archive = 0
    AND (
        i.date_raised BETWEEN :range_start AND :as_of_date
        OR i.date_closed BETWEEN :range_start AND :as_of_date
    )
GROUP BY p.project_id, p.title
HAVING COUNT(i.issue_id) >= 5
ORDER BY avg_open_issue_age DESC, avg_closure_days DESC;",,Tool,get_slowest_issue_closure_projects
Which projects have the highest defect leakage from earlier origination phases into later detection phases?,Show defect leakage by project and phase.,Where are defects being found later than they should be?,period; phase_order_rule; minimum_issue_count,"SELECT

    p.project_id,
    p.title AS project_name,

    i.defect_origination_phase,
    i.defect_detection_phase,

    COUNT(i.issue_id) AS total_defects,

    SUM(
        CASE
            WHEN i.defect_detection_phase > i.defect_origination_phase
            THEN 1
            ELSE 0
        END
    ) AS leaked_defects,

    ROUND(
        (
            SUM(
                CASE
                    WHEN i.defect_detection_phase > i.defect_origination_phase
                    THEN 1
                    ELSE 0
                END
            )
            /
            NULLIF(COUNT(i.issue_id),0)
        )*100,
        2
    ) AS leakage_rate,

    SUM(
        CASE
            WHEN i.severity >= 3
            THEN 1
            ELSE 0
        END
    ) AS high_severity_defects

FROM tbl_project_issues i

INNER JOIN tbl_projects p
ON i.project_id = p.project_id

WHERE

p.status = 1
AND p.archive = 0

AND i.date_raised BETWEEN '2026-01-01'
AND '2026-08-11'

GROUP BY

p.project_id,
p.title,
i.defect_origination_phase,
i.defect_detection_phase

HAVING

COUNT(i.issue_id) >= 5

ORDER BY

leakage_rate DESC,
high_severity_defects DESC;",,Hold - Pending Clarification,get_defect_leakage_projects
Which overdue issues create the greatest commercial exposure?,Rank projects by overdue issue severity and deal value.,How much deal value is affected by overdue unresolved issues?,as_of_date; severity_weights; top_n,,,NL2SQL Candidate,
"Which overdue or closed high-severity issues are missing RCA, correction, or corrective-action details?",Show issue governance records that are incomplete.,Which major defects lack documented root-cause and prevention actions?,severity_threshold; as_of_date,"SELECT
    p.project_id,
    p.title AS project_name,
    CONCAT(u.first_name,' ',u.last_name) AS project_manager,
    c.client_name,
    i.issue_id,
    i.reference_no,
    i.title AS issue_title,
    i.severity,
    i.date_raised,
    i.date_closed,
    i.planned_closure_date,
    CASE
        WHEN s.status_type != 3 AND i.planned_closure_date <> '0000-00-00 00:00:00' AND i.planned_closure_date < :as_of_date THEN 'Overdue'
        WHEN s.status_type = 3 THEN 'Closed'
        ELSE 'Open'
    END AS issue_status,
    i.rca,
    i.correction,
    i.corrective_action
FROM tbl_project_issues i
INNER JOIN tbl_projects p ON i.project_id = p.project_id
LEFT JOIN tbl_users u ON p.pm_user_id = u.user_id
LEFT JOIN tbl_clients c ON p.client_id = c.client_id
LEFT JOIN tbl_project_issue_status s ON s.issue_status_id = i.issue_status_id
WHERE
    p.status = 1
    AND p.archive = 0
    AND i.severity >= 3
    AND (
        (s.status_type != 3 AND i.planned_closure_date <> '0000-00-00 00:00:00' AND i.planned_closure_date < :as_of_date)
        OR s.status_type = 3
    )
    AND (
        i.rca IS NULL OR i.rca = 0
        OR i.correction IS NULL OR TRIM(i.correction) = ''
        OR i.corrective_action IS NULL OR TRIM(i.corrective_action) = ''
    )
ORDER BY i.severity DESC, i.planned_closure_date, p.title;",,Hold - Pending Clarification,get_incomplete_governance_issues
Which projects have the highest current risk exposure?,Rank projects by probability-impact exposure.,Where is portfolio risk concentrated today?,as_of_date; exposure_formula; top_n,,,Needs SQL (Tool),get_highest_risk_exposure_projects
"Which risks remain high after mitigation, and which risks have not improved?",Compare original and residual risk scores.,Where has mitigation failed to reduce exposure?,as_of_date; residual_threshold,"SELECT
    p.project_id,
    p.title AS project_name,

    r.risk_id,
    r.reference_no,
    r.title AS risk_title,

    r.rating AS original_risk_score,
    r.after_mitigation_risk_score AS residual_risk_score,

    r.probability_id,
    r.impact_id,

    r.revised_probability,
    r.revised_impact,

    r.owner_id,

    CASE

        WHEN r.after_mitigation_risk_score >= 15
        THEN 'High Residual Risk'

        WHEN r.after_mitigation_risk_score >= r.rating
        THEN 'No Improvement'

        WHEN r.after_mitigation_risk_score < r.rating
        THEN 'Improved'

        ELSE 'Unknown'

    END AS mitigation_status

FROM tbl_risk r

INNER JOIN tbl_projects p
ON r.project_id=p.project_id

WHERE

p.status=1
AND p.archive=0

AND r.status=1

AND
(
        r.after_mitigation_risk_score>=15

        OR

        r.after_mitigation_risk_score>=r.rating
)

ORDER BY

r.after_mitigation_risk_score DESC,
r.rating DESC;",,Hold - Pending Clarification,get_high_residual_risk
Which overdue open risks threaten the greatest project value?,Rank overdue risks by exposure and deal value.,How much commercial value is linked to overdue risk actions?,as_of_date; top_n,,,Needs SQL (Tool),get_overdue_risks_by_project_value
Which risk owners carry the largest concentration of high-exposure or overdue risks?,Rank risk owners by unresolved exposure.,Who needs support or escalation for risk closure?,as_of_date; top_n,"SELECT
    u.user_id,
    CONCAT(u.first_name, ' ', u.last_name) AS risk_owner,
    SUM(CASE WHEN s.status_type != 2 THEN 1 ELSE 0 END) AS open_risks,          -- was COUNT(r.risk_id): counted closed risks too
    SUM(r.rating) AS total_risk_exposure,
    SUM(CASE WHEN r.target_closure_date < :as_of_date AND s.status_type != 2 THEN 1 ELSE 0 END) AS overdue_risks,  -- was r.date_closed IS NULL, always-false due to zero-date default
    ROUND(AVG(DATEDIFF(:as_of_date, r.date_raised)), 2) AS avg_open_age,
    COUNT(DISTINCT p.project_id) AS affected_projects,
    SUM(p.deal_value) AS total_deal_value
FROM tbl_risk r
INNER JOIN tbl_users u ON r.owner_id = u.user_id
INNER JOIN tbl_projects p ON r.project_id = p.project_id
LEFT JOIN tbl_risk_status s ON s.status_id = r.status_id
WHERE
    r.status = 1
    AND p.status = 1
    AND p.archive = 0
GROUP BY u.user_id, risk_owner
ORDER BY total_risk_exposure DESC, overdue_risks DESC, avg_open_age DESC
LIMIT 10;",,Tool,get_risk_owner_concentration
"Which high-exposure risks lack a mitigation plan, contingency plan, responsibility, or target closure date?",Show incomplete risk treatment records.,Which major risks are not actionable because key fields are missing?,exposure_threshold; as_of_date,"SELECT

    p.project_id,
    p.title AS project_name,

    r.risk_id,
    r.reference_no,
    r.title AS risk_title,

    r.owner_id,
    CONCAT(u.first_name,' ',u.last_name) AS risk_owner,

    r.rating,
    r.after_mitigation_risk_score,

    r.mitigation_action_plan,
    r.contingency_action_plan,
    r.responsibility,
    r.target_closure_date,

    CASE

        WHEN r.mitigation_action_plan IS NULL
             OR TRIM(r.mitigation_action_plan)=''
        THEN 'Missing Mitigation Plan'

        WHEN r.contingency_action_plan IS NULL
             OR TRIM(r.contingency_action_plan)=''
        THEN 'Missing Contingency Plan'

        WHEN r.responsibility IS NULL
             OR TRIM(r.responsibility)=''
        THEN 'Missing Responsibility'

        WHEN r.target_closure_date IS NULL
        THEN 'Missing Target Closure Date'

        ELSE 'Complete'

    END AS governance_gap

FROM tbl_risk r

INNER JOIN tbl_projects p
ON r.project_id=p.project_id

LEFT JOIN tbl_users u
ON r.owner_id=u.user_id

WHERE

r.status=1

AND p.status=1
AND p.archive=0

AND r.rating>=15

AND
(
      r.mitigation_action_plan IS NULL
   OR TRIM(r.mitigation_action_plan)=''

   OR r.contingency_action_plan IS NULL
   OR TRIM(r.contingency_action_plan)=''

   OR r.responsibility IS NULL
   OR TRIM(r.responsibility)=''

   OR r.target_closure_date IS NULL
)

ORDER BY

r.rating DESC,
p.deal_value DESC,
r.target_closure_date;",,Hold - Pending Clarification,get_incomplete_risk_treatment
Are risk closure rates and risk aging improving or deteriorating?,"Show monthly risk creation, closure, and aging trends.",Which projects are accumulating long-lived risks?,months; time_bucket,,,NL2SQL Candidate,
Which projects have both high risk exposure and severe unresolved issues?,Show projects with compounded risk and issue pressure.,Where are risk and defect indicators reinforcing each other?,as_of_date; scoring_weights; top_n,,,NL2SQL Candidate,
Which resources are overallocated across overlapping active projects?,Show users whose concurrent allocation hours exceed capacity.,Where do project allocations create resource conflicts?,period; weekly_capacity_hours; threshold_percent,"-- Written 2026-08-27: no stored weekly-capacity field exists (O-09/O-10) -- caller supplies the threshold. Reports CURRENT allocation (allocation_from/allocation_to not populated).
SELECT u.user_id, CONCAT(u.first_name, ' ', u.last_name) AS employee_name,
    SUM(pu.allocation_hrs) AS total_allocated_hours,
    COUNT(DISTINCT pu.project_id) AS total_projects
FROM tbl_project_users pu
INNER JOIN tbl_users u ON pu.user_id = u.user_id
WHERE pu.status = 1 AND pu.request_status = 'A'
GROUP BY u.user_id, employee_name
HAVING SUM(pu.allocation_hrs) > :weekly_capacity_hours
ORDER BY total_allocated_hours DESC;",,Tool,get_overallocated_resources
Which resources have the largest mismatch between allocated hours and actual logged effort?,Compare allocation against timesheet consumption.,Who is materially over- or under-consuming their allocation?,period; variance_threshold,"-- Written 2026-08-27: allocation side is CURRENT total (allocation_from/allocation_to not populated); timesheet side is genuinely period-scoped via timesheet_date.
SELECT u.user_id, CONCAT(u.first_name, ' ', u.last_name) AS employee_name,
    SUM(pu.allocation_hrs) AS total_allocated_hours,
    ROUND(SUM(IFNULL(ts.hours,0) + (IFNULL(ts.minutes,0)/60)), 2) AS total_logged_hours,
    ROUND(SUM(IFNULL(ts.hours,0) + (IFNULL(ts.minutes,0)/60)) - SUM(pu.allocation_hrs), 2) AS variance_hours
FROM tbl_users u
LEFT JOIN tbl_project_users pu ON pu.user_id = u.user_id AND pu.status = 1 AND pu.request_status = 'A'
LEFT JOIN tbl_timesheets ts ON ts.user_id = u.user_id AND ts.timesheet_date BETWEEN :period_start AND :period_end
WHERE u.enabled = 1 AND u.verified = 1 AND u.is_block = 0
GROUP BY u.user_id, employee_name
HAVING ABS(ROUND(SUM(IFNULL(ts.hours,0) + (IFNULL(ts.minutes,0)/60)) - SUM(pu.allocation_hrs), 2)) >= :variance_threshold
ORDER BY ABS(variance_hours) DESC;",,Tool,get_allocation_vs_logged_mismatch
Which projects depend excessively on a single contributor?,Show projects where one user contributes more than :threshold_percent of logged effort.,Where is key-person delivery risk highest?,period; threshold_percent; minimum_hours,,,Needs SQL (Tool),get_single_contributor_dependency_projects
Which users are spread across too many concurrent projects?,Rank resources by number of overlapping active project allocations.,Who may be losing productivity through excessive context switching?,period; project_count_threshold,"-- Written 2026-08-27: ""concurrent"" cannot be date-verified (allocation_from/allocation_to not populated) -- counts CURRENT distinct active project allocations.
SELECT u.user_id, CONCAT(u.first_name, ' ', u.last_name) AS employee_name,
    COUNT(DISTINCT pu.project_id) AS active_project_count
FROM tbl_project_users pu
INNER JOIN tbl_users u ON pu.user_id = u.user_id
WHERE pu.status = 1 AND pu.request_status = 'A'
GROUP BY u.user_id, employee_name
HAVING COUNT(DISTINCT pu.project_id) > :project_count_threshold
ORDER BY active_project_count DESC;",,Tool,get_overextended_users
Which resource allocations end before their assigned open tasks or project delivery dates?,Show allocation end-date risks.,Where could resources roll off before remaining work is due?,as_of_date; horizon_days,"-- Resolved 2026-08-27: allocation_to is not populated -- comparing it to task/project dates is not possible from this data.
SELECT u.user_id, CONCAT(u.first_name,' ',u.last_name) AS employee_name,
    p.project_id, p.title AS project_name,
    pu.allocation_from, pu.allocation_to,
    pt.task_id, pt.title AS task_name, pt.priority, pt.rag, pt.due_date, p.end_date,
    DATEDIFF(pt.due_date, pu.allocation_to) AS task_gap_days,
    DATEDIFF(p.end_date, pu.allocation_to) AS project_gap_days
FROM tbl_project_users pu
INNER JOIN tbl_users u ON pu.user_id = u.user_id
INNER JOIN tbl_projects p ON pu.project_id = p.project_id
INNER JOIN tbl_project_task_users ptu ON pu.user_id = ptu.user_id
INNER JOIN tbl_project_tasks pt ON ptu.task_id = pt.task_id AND pt.project_id = pu.project_id
WHERE pu.status = 1 AND pu.request_status = 'A'
  AND p.status = 1 AND p.archive = 0
  AND pu.allocation_to IS NOT NULL
  AND pu.allocation_to <= DATE_ADD('2026-08-11', INTERVAL 30 DAY)
  AND (pt.due_date > pu.allocation_to OR p.end_date > pu.allocation_to)
ORDER BY pu.allocation_to, pt.due_date;",,Blocked - Data Not Available,
"What percentage of logged effort is chargeable by project, PM, client, and project type?",Show chargeable versus non-chargeable effort mix.,Where is non-chargeable delivery effort concentrated?,period; grouping_dimension,"SELECT
    p.project_id,
    p.title AS project_name,

    ROUND(SUM(
        CASE
            WHEN t.chargeable = 'Y'
            THEN IFNULL(ts.hours,0) + (IFNULL(ts.minutes,0)/60)
            ELSE 0
        END
    ),2) AS chargeable_hours,

    ROUND(SUM(
        IFNULL(ts.hours,0) + (IFNULL(ts.minutes,0)/60)
    ),2) AS total_hours,

    ROUND(
        (
            SUM(
                CASE
                    WHEN t.chargeable='Y'
                    THEN IFNULL(ts.hours,0)+(IFNULL(ts.minutes,0)/60)
                    ELSE 0
                END
            )
            /
            NULLIF(
                SUM(IFNULL(ts.hours,0)+(IFNULL(ts.minutes,0)/60)),
                0
            )
        )*100,
        2
    ) AS chargeable_effort_ratio

FROM tbl_timesheets ts

INNER JOIN tbl_project_tasks t
    ON ts.task_id=t.task_id

INNER JOIN tbl_projects p
    ON t.project_id=p.project_id

WHERE
    p.status=1
    AND p.archive=0

GROUP BY
    p.project_id,
    p.title

ORDER BY
    chargeable_effort_ratio DESC;",,Tool,get_chargeable_effort_ratio
"What projects, risks, tasks, issues, and allocation expiries need executive attention in the next 30, 60, and 90 days?",Create a 30/60/90-day delivery watchlist.,What upcoming events could materially affect the portfolio?,as_of_date; scoring_weights; horizons,,,NL2SQL Candidate,
